"","taxon.name"
"1","OTU1592"
"2","OTU1759"
"3","OTU2076"
"4","OTU2199"
"5","OTU1798"
"6","OTU3223"
"7","OTU2133"
"8","OTU3984"
"9","OTU1437"
"10","OTU1692"
"11","OTU3326"
"12","OTU3885"
"13","OTU2186"
"14","OTU2810"
"15","OTU2438"
"16","OTU854"
"17","OTU2627"
"18","OTU3905"
"19","OTU1804"
"20","OTU1672"
"21","OTU2088"
"22","OTU1670"
"23","OTU1568"
"24","OTU1276"
"25","OTU2485"
"26","OTU1382"
"27","OTU3123"
"28","OTU4004"
"29","OTU3618"
"30","OTU3684"
"31","OTU2442"
"32","OTU2094"
"33","OTU872"
"34","OTU1484"
"35","OTU3690"
"36","OTU728"
"37","OTU3089"
"38","OTU2821"
"39","OTU3153"
"40","OTU2973"
"41","OTU1886"
"42","OTU4054"
"43","OTU918"
"44","OTU3860"
"45","OTU2766"
"46","OTU342"
"47","OTU424"
"48","OTU3010"
"49","OTU1464"
"50","OTU1481"
"51","OTU275"
"52","OTU1454"
"53","OTU1442"
"54","OTU326"
"55","OTU2528"
"56","OTU2170"
"57","OTU574"
"58","OTU3467"
"59","OTU1930"
"60","OTU2153"
"61","OTU601"
"62","OTU2503"
"63","OTU4143"
"64","OTU93"
"65","OTU1855"
"66","OTU2327"
"67","OTU3835"
"68","OTU2977"
"69","OTU1402"
"70","OTU3260"
"71","OTU704"
"72","OTU2715"
"73","OTU1421"
"74","OTU1559"
"75","OTU1239"
"76","OTU2101"
"77","OTU4135"
"78","OTU3070"
"79","OTU2749"
"80","OTU74"
"81","OTU568"
"82","OTU886"
"83","OTU959"
"84","OTU817"
"85","OTU3158"
"86","OTU436"
"87","OTU2718"
"88","OTU940"
"89","OTU55"
"90","OTU3732"
"91","OTU935"
"92","OTU1730"
"93","OTU3900"
"94","OTU1393"
"95","OTU1687"
"96","OTU2717"
"97","OTU576"
"98","OTU749"
"99","OTU421"
"100","OTU3511"
"101","OTU1870"
"102","OTU3282"
"103","OTU4094"
"104","OTU66"
"105","OTU1493"
"106","OTU1908"
"107","OTU747"
"108","OTU2146"
"109","OTU2315"
"110","OTU1894"
"111","OTU1877"
"112","OTU1988"
"113","OTU2234"
"114","OTU2593"
"115","OTU147"
"116","OTU1607"
"117","OTU1671"
"118","OTU1816"
"119","OTU3901"
"120","OTU3969"
"121","OTU2656"
"122","OTU3174"
"123","OTU1914"
"124","OTU4145"
"125","OTU2008"
"126","OTU1655"
"127","OTU1805"
"128","OTU3027"
"129","OTU2474"
"130","OTU2045"
"131","OTU1472"
"132","OTU1635"
"133","OTU1352"
"134","OTU1415"
"135","OTU1823"
"136","OTU1879"
"137","OTU2399"
"138","OTU970"
"139","OTU3677"
"140","OTU3030"
"141","OTU3160"
"142","OTU2845"
"143","OTU1707"
"144","OTU3882"
"145","OTU3044"
"146","OTU1127"
"147","OTU1696"
"148","OTU993"
"149","OTU350"
"150","OTU3983"
"151","OTU4021"
"152","OTU2859"
"153","OTU763"
"154","OTU3656"
"155","OTU3119"
"156","OTU2144"
"157","OTU1251"
"158","OTU3770"
"159","OTU552"
"160","OTU2424"
"161","OTU2956"
"162","OTU961"
"163","OTU857"
"164","OTU3520"
"165","OTU1456"
"166","OTU2030"
"167","OTU3718"
"168","OTU3632"
"169","OTU3841"
"170","OTU2064"
"171","OTU1926"
"172","OTU531"
"173","OTU243"
"174","OTU1234"
"175","OTU1917"
"176","OTU1888"
"177","OTU408"
"178","OTU2653"
"179","OTU2621"
"180","OTU2910"
"181","OTU1827"
"182","OTU166"
"183","OTU2336"
"184","OTU3132"
"185","OTU1440"
"186","OTU3421"
"187","OTU4026"
"188","OTU1685"
"189","OTU1477"
"190","OTU3982"
"191","OTU3670"
"192","OTU3998"
"193","OTU3138"
"194","OTU3318"
"195","OTU646"
"196","OTU438"
"197","OTU3868"
"198","OTU1091"
"199","OTU998"
"200","OTU1585"
"201","OTU1479"
"202","OTU1884"
"203","OTU2245"
"204","OTU197"
"205","OTU333"
"206","OTU3756"
"207","OTU2384"
"208","OTU1652"
"209","OTU2616"
"210","OTU1630"
"211","OTU2716"
"212","OTU2010"
"213","OTU3254"
"214","OTU3590"
"215","OTU2295"
"216","OTU2994"
"217","OTU3127"
"218","OTU2526"
"219","OTU1372"
"220","OTU1374"
"221","OTU3521"
"222","OTU1675"
"223","OTU1062"
"224","OTU2130"
"225","OTU3159"
"226","OTU1621"
"227","OTU1998"
"228","OTU1854"
"229","OTU1837"
"230","OTU2658"
"231","OTU2711"
"232","OTU2052"
"233","OTU1475"
"234","OTU1623"
"235","OTU2068"
"236","OTU1905"
"237","OTU1433"
"238","OTU2731"
"239","OTU2691"
"240","OTU1401"
"241","OTU1782"
"242","OTU1897"
"243","OTU2643"
"244","OTU3513"
"245","OTU2877"
"246","OTU1314"
"247","OTU1819"
"248","OTU472"
"249","OTU1606"
"250","OTU2367"
"251","OTU942"
"252","OTU2455"
"253","OTU2789"
"254","OTU4098"
"255","OTU1375"
"256","OTU2762"
"257","OTU1838"
"258","OTU2682"
"259","OTU1736"
"260","OTU3321"
"261","OTU2773"
"262","OTU3832"
"263","OTU705"
"264","OTU2587"
"265","OTU1749"
"266","OTU2496"
"267","OTU3892"
"268","OTU2888"
"269","OTU3155"
"270","OTU1435"
"271","OTU2733"
"272","OTU2476"
"273","OTU1721"
"274","OTU2011"
"275","OTU1582"
"276","OTU308"
"277","OTU3019"
"278","OTU2018"
"279","OTU2747"
"280","OTU213"
"281","OTU1357"
"282","OTU1599"
"283","OTU2126"
"284","OTU1922"
"285","OTU1498"
"286","OTU2021"
"287","OTU2159"
"288","OTU1690"
"289","OTU1910"
"290","OTU2640"
"291","OTU976"
"292","OTU1890"
"293","OTU2819"
"294","OTU1541"
"295","OTU2620"
"296","OTU1633"
"297","OTU2065"
"298","OTU338"
"299","OTU1274"
"300","OTU1739"
"301","OTU1490"
"302","OTU1051"
"303","OTU3096"
"304","OTU1378"
"305","OTU2063"
"306","OTU1608"
"307","OTU1718"
"308","OTU1684"
"309","OTU3111"
"310","OTU1818"
"311","OTU1900"
"312","OTU1775"
"313","OTU1495"
"314","OTU1406"
"315","OTU3839"
"316","OTU1520"
"317","OTU1533"
"318","OTU1556"
"319","OTU1706"
"320","OTU2848"
"321","OTU1584"
"322","OTU1982"
"323","OTU70"
"324","OTU1885"
"325","OTU3265"
"326","OTU3672"
"327","OTU159"
"328","OTU4023"
"329","OTU1808"
"330","OTU1901"
"331","OTU402"
"332","OTU366"
"333","OTU2518"
"334","OTU1492"
"335","OTU1566"
"336","OTU1987"
"337","OTU1834"
"338","OTU2173"
"339","OTU1587"
"340","OTU2826"
"341","OTU1751"
"342","OTU2673"
"343","OTU3218"
"344","OTU2002"
"345","OTU2626"
"346","OTU1954"
"347","OTU4119"
"348","OTU2713"
"349","OTU2723"
"350","OTU3241"
"351","OTU1737"
"352","OTU1508"
"353","OTU2659"
"354","OTU2097"
"355","OTU2044"
"356","OTU1713"
"357","OTU1578"
"358","OTU2510"
"359","OTU2383"
"360","OTU3622"
"361","OTU3240"
"362","OTU1807"
"363","OTU1237"
"364","OTU2974"
"365","OTU3274"
"366","OTU1011"
"367","OTU2952"
"368","OTU3152"
"369","OTU1391"
"370","OTU3162"
"371","OTU1856"
"372","OTU1750"
"373","OTU3284"
"374","OTU1916"
"375","OTU2348"
"376","OTU2320"
"377","OTU2730"
"378","OTU1876"
"379","OTU2050"
"380","OTU2381"
"381","OTU1801"
"382","OTU4120"
"383","OTU2055"
"384","OTU2132"
"385","OTU1388"
"386","OTU3073"
"387","OTU1426"
"388","OTU1557"
"389","OTU1644"
"390","OTU1842"
"391","OTU3856"
"392","OTU4093"
"393","OTU1514"
"394","OTU1641"
"395","OTU1419"
"396","OTU4103"
"397","OTU1230"
"398","OTU2761"
"399","OTU3308"
"400","OTU3961"
"401","OTU2033"
"402","OTU1503"
"403","OTU1628"
"404","OTU1796"
"405","OTU1866"
"406","OTU1959"
"407","OTU3393"
"408","OTU1130"
"409","OTU793"
"410","OTU2360"
"411","OTU860"
"412","OTU1022"
"413","OTU1186"
"414","OTU1310"
"415","OTU3389"
"416","OTU1999"
"417","OTU1507"
"418","OTU3277"
"419","OTU2110"
"420","OTU1694"
"421","OTU1902"
"422","OTU3263"
"423","OTU2677"
"424","OTU1826"
"425","OTU1434"
"426","OTU1260"
"427","OTU155"
"428","OTU2335"
"429","OTU3216"
"430","OTU3495"
"431","OTU3995"
"432","OTU2393"
"433","OTU265"
"434","OTU3430"
"435","OTU3488"
"436","OTU217"
"437","OTU1965"
"438","OTU1800"
"439","OTU1757"
"440","OTU2912"
"441","OTU3436"
"442","OTU4034"
"443","OTU1554"
"444","OTU1831"
"445","OTU1586"
"446","OTU1212"
"447","OTU1113"
"448","OTU3737"
"449","OTU2240"
"450","OTU1698"
"451","OTU1756"
"452","OTU2909"
"453","OTU2748"
"454","OTU2003"
"455","OTU2984"
"456","OTU1918"
"457","OTU1480"
"458","OTU1521"
"459","OTU1683"
"460","OTU1691"
"461","OTU1764"
"462","OTU1081"
"463","OTU480"
"464","OTU1178"
"465","OTU1909"
"466","OTU3258"
"467","OTU3583"
"468","OTU1012"
"469","OTU1253"
"470","OTU2753"
"471","OTU1871"
"472","OTU355"
"473","OTU1712"
"474","OTU3854"
"475","OTU1351"
"476","OTU1080"
"477","OTU1436"
"478","OTU1252"
"479","OTU1187"
"480","OTU693"
"481","OTU1136"
"482","OTU1486"
"483","OTU3135"
"484","OTU2012"
"485","OTU1333"
"486","OTU2355"
"487","OTU1146"
"488","OTU1043"
"489","OTU605"
"490","OTU1509"
"491","OTU1513"
"492","OTU2724"
"493","OTU1087"
"494","OTU1098"
"495","OTU1105"
"496","OTU14"
"497","OTU1716"
"498","OTU2440"
"499","OTU3352"
"500","OTU1986"
"501","OTU2089"
"502","OTU1970"
"503","OTU2591"
"504","OTU3091"
"505","OTU3887"
"506","OTU3899"
"507","OTU2879"
"508","OTU2896"
"509","OTU997"
"510","OTU123"
"511","OTU1065"
"512","OTU1951"
"513","OTU1958"
"514","OTU62"
"515","OTU1571"
"516","OTU1222"
"517","OTU249"
"518","OTU1084"
"519","OTU2137"
"520","OTU3366"
"521","OTU1678"
"522","OTU933"
"523","OTU1972"
"524","OTU2971"
"525","OTU3063"
"526","OTU1699"
"527","OTU1527"
"528","OTU2049"
"529","OTU2701"
"530","OTU1649"
"531","OTU1428"
"532","OTU1844"
"533","OTU430"
"534","OTU1814"
"535","OTU1664"
"536","OTU2035"
"537","OTU4067"
"538","OTU2670"
"539","OTU2597"
"540","OTU1760"
"541","OTU2056"
"542","OTU2251"
"543","OTU1570"
"544","OTU2885"
"545","OTU31"
"546","OTU2124"
"547","OTU1695"
"548","OTU478"
"549","OTU1758"
"550","OTU2042"
"551","OTU2140"
"552","OTU1519"
"553","OTU1625"
"554","OTU3364"
"555","OTU3489"
"556","OTU4022"
"557","OTU2078"
"558","OTU398"
"559","OTU864"
"560","OTU1767"
"561","OTU1745"
"562","OTU3313"
"563","OTU1882"
"564","OTU1955"
"565","OTU1964"
"566","OTU1989"
"567","OTU989"
"568","OTU1338"
"569","OTU2926"
"570","OTU1451"
"571","OTU1726"
"572","OTU2551"
"573","OTU1799"
"574","OTU1159"
"575","OTU3587"
"576","OTU1425"
"577","OTU288"
"578","OTU1609"
"579","OTU3726"
"580","OTU1766"
"581","OTU1567"
"582","OTU1594"
"583","OTU1323"
"584","OTU2397"
"585","OTU1610"
"586","OTU1967"
"587","OTU1505"
"588","OTU2158"
"589","OTU2873"
"590","OTU2123"
"591","OTU2290"
"592","OTU1773"
"593","OTU603"
"594","OTU3460"
"595","OTU769"
"596","OTU960"
"597","OTU3828"
"598","OTU1953"
"599","OTU1980"
"600","OTU1957"
"601","OTU1453"
"602","OTU1491"
"603","OTU773"
"604","OTU1308"
"605","OTU2040"
"606","OTU3818"
"607","OTU1457"
"608","OTU2414"
"609","OTU3985"
"610","OTU1160"
"611","OTU1137"
"612","OTU2969"
"613","OTU2273"
"614","OTU2570"
"615","OTU2567"
"616","OTU1715"
"617","OTU1095"
"618","OTU1279"
"619","OTU2448"
"620","OTU2999"
"621","OTU2760"
"622","OTU2726"
"623","OTU1422"
"624","OTU3176"
"625","OTU3057"
"626","OTU2115"
"627","OTU2878"
"628","OTU1161"
"629","OTU2216"
"630","OTU3059"
"631","OTU1438"
"632","OTU2780"
"633","OTU1525"
"634","OTU1066"
"635","OTU3978"
"636","OTU1596"
"637","OTU2096"
"638","OTU2929"
"639","OTU1788"
"640","OTU1708"
"641","OTU3109"
"642","OTU1470"
"643","OTU1517"
"644","OTU1850"
"645","OTU1904"
"646","OTU4166"
"647","OTU90"
"648","OTU215"
"649","OTU3307"
"650","OTU3480"
"651","OTU2729"
"652","OTU3217"
"653","OTU3668"
"654","OTU2223"
"655","OTU2317"
"656","OTU4083"
"657","OTU958"
"658","OTU99"
"659","OTU896"
"660","OTU748"
"661","OTU3975"
"662","OTU831"
"663","OTU2298"
"664","OTU4077"
"665","OTU2785"
"666","OTU2366"
"667","OTU2413"
"668","OTU3662"
"669","OTU3615"
"670","OTU3584"
"671","OTU2592"
"672","OTU1624"
"673","OTU1771"
"674","OTU2026"
"675","OTU1045"
"676","OTU3658"
"677","OTU1257"
"678","OTU3361"
"679","OTU1515"
"680","OTU2732"
"681","OTU1427"
"682","OTU1474"
"683","OTU1324"
"684","OTU1277"
"685","OTU1298"
"686","OTU3033"
"687","OTU2622"
"688","OTU4124"
"689","OTU276"
"690","OTU2220"
"691","OTU2566"
"692","OTU3898"
"693","OTU3403"
"694","OTU3654"
"695","OTU3943"
"696","OTU358"
"697","OTU2261"
"698","OTU3896"
"699","OTU774"
"700","OTU2211"
"701","OTU3765"
"702","OTU3081"
"703","OTU2884"
"704","OTU3883"
"705","OTU3472"
"706","OTU3408"
"707","OTU740"
"708","OTU2849"
"709","OTU1929"
"710","OTU410"
"711","OTU3554"
"712","OTU1228"
"713","OTU3610"
"714","OTU3884"
"715","OTU1654"
"716","OTU641"
"717","OTU3348"
"718","OTU3663"
"719","OTU520"
"720","OTU2388"
"721","OTU185"
"722","OTU718"
"723","OTU59"
"724","OTU1941"
"725","OTU3888"
"726","OTU3319"
"727","OTU908"
"728","OTU2838"
"729","OTU991"
"730","OTU69"
"731","OTU3598"
"732","OTU3739"
"733","OTU4129"
"734","OTU982"
"735","OTU2788"
"736","OTU3952"
"737","OTU1261"
"738","OTU3996"
"739","OTU3796"
"740","OTU2177"
"741","OTU2253"
"742","OTU866"
"743","OTU13"
"744","OTU925"
"745","OTU2655"
"746","OTU4100"
"747","OTU2841"
"748","OTU3067"
"749","OTU2727"
"750","OTU3103"
"751","OTU815"
"752","OTU2495"
"753","OTU2219"
"754","OTU3675"
"755","OTU344"
"756","OTU470"
"757","OTU4102"
"758","OTU915"
"759","OTU3543"
"760","OTU941"
"761","OTU750"
"762","OTU859"
"763","OTU621"
"764","OTU3267"
"765","OTU3681"
"766","OTU628"
"767","OTU357"
"768","OTU794"
"769","OTU3613"
"770","OTU104"
"771","OTU3795"
"772","OTU365"
"773","OTU796"
"774","OTU2824"
"775","OTU3501"
"776","OTU2875"
"777","OTU3454"
"778","OTU3872"
"779","OTU2993"
"780","OTU2676"
"781","OTU299"
"782","OTU686"
"783","OTU2473"
"784","OTU709"
"785","OTU364"
"786","OTU679"
"787","OTU134"
"788","OTU1647"
"789","OTU199"
"790","OTU727"
"791","OTU735"
"792","OTU2310"
"793","OTU3754"
"794","OTU340"
"795","OTU2642"
"796","OTU798"
"797","OTU579"
"798","OTU507"
"799","OTU587"
"800","OTU636"
"801","OTU602"
"802","OTU1873"
"803","OTU161"
"804","OTU855"
"805","OTU3481"
"806","OTU634"
"807","OTU2053"
"808","OTU3877"
"809","OTU3721"
"810","OTU3473"
"811","OTU71"
"812","OTU1292"
"813","OTU701"
"814","OTU1553"
"815","OTU624"
"816","OTU852"
"817","OTU3529"
"818","OTU772"
"819","OTU652"
"820","OTU813"
"821","OTU689"
"822","OTU723"
"823","OTU53"
"824","OTU797"
"825","OTU3941"
"826","OTU67"
"827","OTU2313"
"828","OTU2108"
"829","OTU909"
"830","OTU2805"
"831","OTU3857"
"832","OTU1205"
"833","OTU3920"
"834","OTU1512"
"835","OTU268"
"836","OTU706"
"837","OTU3914"
"838","OTU3937"
"839","OTU2614"
"840","OTU3728"
"841","OTU377"
"842","OTU2820"
"843","OTU661"
"844","OTU1233"
"845","OTU2270"
"846","OTU3304"
"847","OTU648"
"848","OTU799"
"849","OTU790"
"850","OTU244"
"851","OTU2258"
"852","OTU1591"
"853","OTU2454"
"854","OTU3005"
"855","OTU2403"
"856","OTU4169"
"857","OTU486"
"858","OTU2497"
"859","OTU3904"
"860","OTU1997"
"861","OTU2719"
"862","OTU1133"
"863","OTU2603"
"864","OTU620"
"865","OTU2265"
"866","OTU2504"
"867","OTU2344"
"868","OTU502"
"869","OTU1510"
"870","OTU3493"
"871","OTU371"
"872","OTU1893"
"873","OTU491"
"874","OTU3568"
"875","OTU1593"
"876","OTU3627"
"877","OTU26"
"878","OTU3046"
"879","OTU3634"
"880","OTU1920"
"881","OTU1344"
"882","OTU1383"
"883","OTU2916"
"884","OTU1118"
"885","OTU1201"
"886","OTU588"
"887","OTU2208"
"888","OTU1499"
"889","OTU853"
"890","OTU1389"
"891","OTU1597"
"892","OTU3528"
"893","OTU1207"
"894","OTU3065"
"895","OTU3541"
"896","OTU1223"
"897","OTU2768"
"898","OTU4027"
"899","OTU2488"
"900","OTU931"
"901","OTU4025"
"902","OTU2382"
"903","OTU2589"
"904","OTU2573"
"905","OTU1794"
"906","OTU3036"
"907","OTU3866"
"908","OTU417"
"909","OTU738"
"910","OTU3116"
"911","OTU64"
"912","OTU3531"
"913","OTU599"
"914","OTU2364"
"915","OTU2377"
"916","OTU2174"
"917","OTU760"
"918","OTU2507"
"919","OTU3291"
"920","OTU3314"
"921","OTU3077"
"922","OTU2418"
"923","OTU560"
"924","OTU3120"
"925","OTU3328"
"926","OTU3365"
"927","OTU1064"
"928","OTU880"
"929","OTU1889"
"930","OTU3110"
"931","OTU1420"
"932","OTU2209"
"933","OTU469"
"934","OTU2771"
"935","OTU2467"
"936","OTU118"
"937","OTU2712"
"938","OTU2143"
"939","OTU2227"
"940","OTU1037"
"941","OTU1373"
"942","OTU2271"
"943","OTU762"
"944","OTU3166"
"945","OTU651"
"946","OTU3035"
"947","OTU2441"
"948","OTU2332"
"949","OTU3171"
"950","OTU2334"
"951","OTU3197"
"952","OTU2154"
"953","OTU3409"
"954","OTU3645"
"955","OTU3755"
"956","OTU717"
"957","OTU262"
"958","OTU3740"
"959","OTU405"
"960","OTU2872"
"961","OTU2695"
"962","OTU1262"
"963","OTU2743"
"964","OTU2214"
"965","OTU4125"
"966","OTU2750"
"967","OTU1403"
"968","OTU309"
"969","OTU3041"
"970","OTU3395"
"971","OTU3439"
"972","OTU3373"
"973","OTU694"
"974","OTU2975"
"975","OTU2017"
"976","OTU2482"
"977","OTU2871"
"978","OTU1990"
"979","OTU2813"
"980","OTU3187"
"981","OTU81"
"982","OTU373"
"983","OTU893"
"984","OTU2774"
"985","OTU3357"
"986","OTU3303"
"987","OTU2073"
"988","OTU2451"
"989","OTU2738"
"990","OTU2796"
"991","OTU1124"
"992","OTU3264"
"993","OTU3056"
"994","OTU352"
"995","OTU2887"
"996","OTU2965"
"997","OTU3125"
"998","OTU3345"
"999","OTU2816"
"1000","OTU1650"
"1001","OTU2836"
"1002","OTU1550"
"1003","OTU2987"
"1004","OTU1631"
"1005","OTU4078"
"1006","OTU3194"
"1007","OTU2860"
"1008","OTU2093"
"1009","OTU1196"
"1010","OTU1985"
"1011","OTU21"
"1012","OTU3004"
"1013","OTU1563"
"1014","OTU1185"
"1015","OTU2702"
"1016","OTU3243"
"1017","OTU3244"
"1018","OTU3014"
"1019","OTU1615"
"1020","OTU1907"
"1021","OTU2798"
"1022","OTU1476"
"1023","OTU2988"
"1024","OTU3071"
"1025","OTU1504"
"1026","OTU2752"
"1027","OTU3201"
"1028","OTU3189"
"1029","OTU3246"
"1030","OTU3255"
"1031","OTU1793"
"1032","OTU2939"
"1033","OTU1961"
"1034","OTU2105"
"1035","OTU139"
"1036","OTU1835"
"1037","OTU1489"
"1038","OTU2709"
"1039","OTU3299"
"1040","OTU3906"
"1041","OTU2942"
"1042","OTU2919"
"1043","OTU3294"
"1044","OTU1171"
"1045","OTU563"
"1046","OTU1176"
"1047","OTU2666"
"1048","OTU2834"
"1049","OTU1365"
"1050","OTU3359"
"1051","OTU2777"
"1052","OTU3704"
"1053","OTU4045"
"1054","OTU2179"
"1055","OTU3384"
"1056","OTU2368"
"1057","OTU3146"
"1058","OTU2238"
"1059","OTU2048"
"1060","OTU2823"
"1061","OTU2795"
"1062","OTU1302"
"1063","OTU2675"
"1064","OTU2631"
"1065","OTU2759"
"1066","OTU1354"
"1067","OTU3173"
"1068","OTU3227"
"1069","OTU2559"
"1070","OTU2178"
"1071","OTU2191"
"1072","OTU1278"
"1073","OTU54"
"1074","OTU2100"
"1075","OTU2006"
"1076","OTU2039"
"1077","OTU3170"
"1078","OTU515"
"1079","OTU2425"
"1080","OTU2563"
"1081","OTU1322"
"1082","OTU1381"
"1083","OTU2436"
"1084","OTU2925"
"1085","OTU3094"
"1086","OTU1600"
"1087","OTU1611"
"1088","OTU2104"
"1089","OTU752"
"1090","OTU1363"
"1091","OTU1232"
"1092","OTU68"
"1093","OTU1282"
"1094","OTU1790"
"1095","OTU1978"
"1096","OTU2790"
"1097","OTU1705"
"1098","OTU2689"
"1099","OTU1821"
"1100","OTU1562"
"1101","OTU1551"
"1102","OTU3388"
"1103","OTU485"
"1104","OTU583"
"1105","OTU2927"
"1106","OTU2807"
"1107","OTU3211"
"1108","OTU3114"
"1109","OTU131"
"1110","OTU3234"
"1111","OTU2128"
"1112","OTU1404"
"1113","OTU454"
"1114","OTU3034"
"1115","OTU3289"
"1116","OTU1211"
"1117","OTU169"
"1118","OTU3062"
"1119","OTU3276"
"1120","OTU3720"
"1121","OTU556"
"1122","OTU575"
"1123","OTU1605"
"1124","OTU3694"
"1125","OTU3058"
"1126","OTU1461"
"1127","OTU757"
"1128","OTU321"
"1129","OTU1006"
"1130","OTU973"
"1131","OTU1860"
"1132","OTU3778"
"1133","OTU978"
"1134","OTU2791"
"1135","OTU1180"
"1136","OTU2267"
"1137","OTU2635"
"1138","OTU259"
"1139","OTU501"
"1140","OTU657"
"1141","OTU1778"
"1142","OTU425"
"1143","OTU2259"
"1144","OTU806"
"1145","OTU2633"
"1146","OTU616"
"1147","OTU881"
"1148","OTU791"
"1149","OTU912"
"1150","OTU666"
"1151","OTU930"
"1152","OTU721"
"1153","OTU675"
"1154","OTU755"
"1155","OTU968"
"1156","OTU610"
"1157","OTU785"
"1158","OTU3944"
"1159","OTU691"
"1160","OTU807"
"1161","OTU416"
"1162","OTU645"
"1163","OTU3667"
"1164","OTU4111"
"1165","OTU3929"
"1166","OTU699"
"1167","OTU187"
"1168","OTU58"
"1169","OTU3954"
"1170","OTU990"
"1171","OTU2935"
"1172","OTU986"
"1173","OTU950"
"1174","OTU914"
"1175","OTU592"
"1176","OTU4044"
"1177","OTU827"
"1178","OTU642"
"1179","OTU725"
"1180","OTU37"
"1181","OTU805"
"1182","OTU2583"
"1183","OTU4151"
"1184","OTU279"
"1185","OTU3953"
"1186","OTU3977"
"1187","OTU3873"
"1188","OTU397"
"1189","OTU492"
"1190","OTU1356"
"1191","OTU783"
"1192","OTU2728"
"1193","OTU2555"
"1194","OTU3118"
"1195","OTU943"
"1196","OTU742"
"1197","OTU3957"
"1198","OTU604"
"1199","OTU877"
"1200","OTU845"
"1201","OTU3351"
"1202","OTU3576"
"1203","OTU322"
"1204","OTU106"
"1205","OTU1824"
"1206","OTU3088"
"1207","OTU353"
"1208","OTU2268"
"1209","OTU2735"
"1210","OTU407"
"1211","OTU105"
"1212","OTU135"
"1213","OTU200"
"1214","OTU181"
"1215","OTU3413"
"1216","OTU921"
"1217","OTU3161"
"1218","OTU3287"
"1219","OTU4064"
"1220","OTU317"
"1221","OTU273"
"1222","OTU443"
"1223","OTU4050"
"1224","OTU4065"
"1225","OTU184"
"1226","OTU956"
"1227","OTU3623"
"1228","OTU39"
"1229","OTU466"
"1230","OTU3084"
"1231","OTU1085"
"1232","OTU3128"
"1233","OTU867"
"1234","OTU3419"
"1235","OTU585"
"1236","OTU776"
"1237","OTU632"
"1238","OTU2511"
"1239","OTU237"
"1240","OTU267"
"1241","OTU238"
"1242","OTU3846"
"1243","OTU920"
"1244","OTU3878"
"1245","OTU683"
"1246","OTU179"
"1247","OTU2708"
"1248","OTU1925"
"1249","OTU2963"
"1250","OTU3149"
"1251","OTU4081"
"1252","OTU391"
"1253","OTU331"
"1254","OTU175"
"1255","OTU3334"
"1256","OTU3006"
"1257","OTU341"
"1258","OTU846"
"1259","OTU984"
"1260","OTU1518"
"1261","OTU2561"
"1262","OTU1021"
"1263","OTU1049"
"1264","OTU302"
"1265","OTU3288"
"1266","OTU1270"
"1267","OTU2314"
"1268","OTU875"
"1269","OTU809"
"1270","OTU170"
"1271","OTU824"
"1272","OTU904"
"1273","OTU483"
"1274","OTU389"
"1275","OTU967"
"1276","OTU567"
"1277","OTU800"
"1278","OTU823"
"1279","OTU3492"
"1280","OTU926"
"1281","OTU3867"
"1282","OTU411"
"1283","OTU115"
"1284","OTU3807"
"1285","OTU667"
"1286","OTU3438"
"1287","OTU631"
"1288","OTU613"
"1289","OTU503"
"1290","OTU223"
"1291","OTU98"
"1292","OTU804"
"1293","OTU2205"
"1294","OTU1445"
"1295","OTU1994"
"1296","OTU2765"
"1297","OTU225"
"1298","OTU281"
"1299","OTU1079"
"1300","OTU2029"
"1301","OTU4114"
"1302","OTU419"
"1303","OTU668"
"1304","OTU812"
"1305","OTU330"
"1306","OTU401"
"1307","OTU231"
"1308","OTU549"
"1309","OTU437"
"1310","OTU1534"
"1311","OTU2734"
"1312","OTU690"
"1313","OTU229"
"1314","OTU586"
"1315","OTU3075"
"1316","OTU2827"
"1317","OTU3657"
"1318","OTU2272"
"1319","OTU3819"
"1320","OTU3312"
"1321","OTU633"
"1322","OTU703"
"1323","OTU789"
"1324","OTU822"
"1325","OTU2300"
"1326","OTU736"
"1327","OTU543"
"1328","OTU2794"
"1329","OTU65"
"1330","OTU3945"
"1331","OTU463"
"1332","OTU2900"
"1333","OTU4033"
"1334","OTU4080"
"1335","OTU2323"
"1336","OTU2239"
"1337","OTU756"
"1338","OTU2363"
"1339","OTU2489"
"1340","OTU2531"
"1341","OTU2764"
"1342","OTU3956"
"1343","OTU608"
"1344","OTU826"
"1345","OTU2954"
"1346","OTU3651"
"1347","OTU297"
"1348","OTU152"
"1349","OTU94"
"1350","OTU2554"
"1351","OTU2970"
"1352","OTU4147"
"1353","OTU9"
"1354","OTU329"
"1355","OTU488"
"1356","OTU3394"
"1357","OTU4002"
"1358","OTU594"
"1359","OTU220"
"1360","OTU2252"
"1361","OTU3462"
"1362","OTU3939"
"1363","OTU3741"
"1364","OTU524"
"1365","OTU715"
"1366","OTU731"
"1367","OTU103"
"1368","OTU136"
"1369","OTU272"
"1370","OTU1874"
"1371","OTU2201"
"1372","OTU3538"
"1373","OTU3621"
"1374","OTU423"
"1375","OTU548"
"1376","OTU3098"
"1377","OTU97"
"1378","OTU3420"
"1379","OTU496"
"1380","OTU1202"
"1381","OTU1754"
"1382","OTU1385"
"1383","OTU2004"
"1384","OTU1524"
"1385","OTU1545"
"1386","OTU2928"
"1387","OTU2644"
"1388","OTU1613"
"1389","OTU779"
"1390","OTU856"
"1391","OTU3423"
"1392","OTU471"
"1393","OTU832"
"1394","OTU285"
"1395","OTU3893"
"1396","OTU4089"
"1397","OTU2376"
"1398","OTU1992"
"1399","OTU3876"
"1400","OTU209"
"1401","OTU650"
"1402","OTU266"
"1403","OTU873"
"1404","OTU591"
"1405","OTU834"
"1406","OTU758"
"1407","OTU778"
"1408","OTU765"
"1409","OTU1386"
"1410","OTU189"
"1411","OTU1828"
"1412","OTU2358"
"1413","OTU2001"
"1414","OTU1417"
"1415","OTU2080"
"1416","OTU334"
"1417","OTU566"
"1418","OTU489"
"1419","OTU876"
"1420","OTU201"
"1421","OTU538"
"1422","OTU2525"
"1423","OTU2203"
"1424","OTU2329"
"1425","OTU2342"
"1426","OTU2316"
"1427","OTU2169"
"1428","OTU2307"
"1429","OTU2215"
"1430","OTU2501"
"1431","OTU2166"
"1432","OTU2204"
"1433","OTU2297"
"1434","OTU2651"
"1435","OTU2279"
"1436","OTU2386"
"1437","OTU2831"
"1438","OTU347"
"1439","OTU3617"
"1440","OTU4041"
"1441","OTU3494"
"1442","OTU802"
"1443","OTU2181"
"1444","OTU2243"
"1445","OTU2541"
"1446","OTU2257"
"1447","OTU2517"
"1448","OTU2230"
"1449","OTU782"
"1450","OTU2920"
"1451","OTU2194"
"1452","OTU449"
"1453","OTU464"
"1454","OTU1668"
"1455","OTU440"
"1456","OTU1777"
"1457","OTU2218"
"1458","OTU622"
"1459","OTU202"
"1460","OTU2244"
"1461","OTU3544"
"1462","OTU541"
"1463","OTU2000"
"1464","OTU2079"
"1465","OTU1732"
"1466","OTU1544"
"1467","OTU2390"
"1468","OTU3886"
"1469","OTU4127"
"1470","OTU2862"
"1471","OTU1380"
"1472","OTU2575"
"1473","OTU1468"
"1474","OTU2032"
"1475","OTU2560"
"1476","OTU733"
"1477","OTU2176"
"1478","OTU1370"
"1479","OTU1565"
"1480","OTU1283"
"1481","OTU2847"
"1482","OTU1469"
"1483","OTU1797"
"1484","OTU2151"
"1485","OTU2372"
"1486","OTU882"
"1487","OTU2469"
"1488","OTU2125"
"1489","OTU2696"
"1490","OTU3363"
"1491","OTU2671"
"1492","OTU3997"
"1493","OTU4107"
"1494","OTU219"
"1495","OTU2809"
"1496","OTU5"
"1497","OTU1991"
"1498","OTU1674"
"1499","OTU1753"
"1500","OTU1915"
"1501","OTU1976"
"1502","OTU41"
"1503","OTU2404"
"1504","OTU2654"
"1505","OTU2192"
"1506","OTU2758"
"1507","OTU702"
"1508","OTU1839"
"1509","OTU3026"
"1510","OTU1394"
"1511","OTU2944"
"1512","OTU2980"
"1513","OTU1269"
"1514","OTU3637"
"1515","OTU3129"
"1516","OTU2611"
"1517","OTU3589"
"1518","OTU2751"
"1519","OTU457"
"1520","OTU1114"
"1521","OTU1135"
"1522","OTU1147"
"1523","OTU1200"
"1524","OTU1271"
"1525","OTU1213"
"1526","OTU3080"
"1527","OTU2697"
"1528","OTU3411"
"1529","OTU154"
"1530","OTU4013"
"1531","OTU4032"
"1532","OTU1841"
"1533","OTU1494"
"1534","OTU2839"
"1535","OTU3068"
"1536","OTU2863"
"1537","OTU1368"
"1538","OTU2"
"1539","OTU3249"
"1540","OTU1548"
"1541","OTU1620"
"1542","OTU595"
"1543","OTU2571"
"1544","OTU1128"
"1545","OTU1723"
"1546","OTU2757"
"1547","OTU1763"
"1548","OTU2967"
"1549","OTU1067"
"1550","OTU3203"
"1551","OTU2016"
"1552","OTU2041"
"1553","OTU744"
"1554","OTU95"
"1555","OTU162"
"1556","OTU3620"
"1557","OTU3024"
"1558","OTU3743"
"1559","OTU1677"
"1560","OTU226"
"1561","OTU320"
"1562","OTU3836"
"1563","OTU795"
"1564","OTU654"
"1565","OTU551"
"1566","OTU3007"
"1567","OTU3785"
"1568","OTU957"
"1569","OTU3157"
"1570","OTU955"
"1571","OTU307"
"1572","OTU527"
"1573","OTU4017"
"1574","OTU447"
"1575","OTU2889"
"1576","OTU3644"
"1577","OTU2694"
"1578","OTU4043"
"1579","OTU3834"
"1580","OTU173"
"1581","OTU3792"
"1582","OTU2444"
"1583","OTU544"
"1584","OTU2930"
"1585","OTU3999"
"1586","OTU3979"
"1587","OTU2721"
"1588","OTU1408"
"1589","OTU3374"
"1590","OTU3938"
"1591","OTU2275"
"1592","OTU3404"
"1593","OTU557"
"1594","OTU3387"
"1595","OTU2165"
"1596","OTU3850"
"1597","OTU2891"
"1598","OTU2630"
"1599","OTU2800"
"1600","OTU1815"
"1601","OTU2294"
"1602","OTU1307"
"1603","OTU2550"
"1604","OTU2387"
"1605","OTU2466"
"1606","OTU936"
"1607","OTU2439"
"1608","OTU2478"
"1609","OTU2557"
"1610","OTU1246"
"1611","OTU3514"
"1612","OTU739"
"1613","OTU2374"
"1614","OTU2459"
"1615","OTU1500"
"1616","OTU724"
"1617","OTU3342"
"1618","OTU1108"
"1619","OTU2289"
"1620","OTU2522"
"1621","OTU2532"
"1622","OTU2020"
"1623","OTU2703"
"1624","OTU525"
"1625","OTU255"
"1626","OTU3927"
"1627","OTU3020"
"1628","OTU1093"
"1629","OTU996"
"1630","OTU695"
"1631","OTU3309"
"1632","OTU656"
"1633","OTU2619"
"1634","OTU3889"
"1635","OTU264"
"1636","OTU3722"
"1637","OTU3199"
"1638","OTU312"
"1639","OTU734"
"1640","OTU670"
"1641","OTU325"
"1642","OTU4073"
"1643","OTU3534"
"1644","OTU964"
"1645","OTU79"
"1646","OTU3815"
"1647","OTU114"
"1648","OTU3821"
"1649","OTU1728"
"1650","OTU1722"
"1651","OTU3229"
"1652","OTU3731"
"1653","OTU3750"
"1654","OTU116"
"1655","OTU2669"
"1656","OTU157"
"1657","OTU2027"
"1658","OTU52"
"1659","OTU4"
"1660","OTU3392"
"1661","OTU3105"
"1662","OTU149"
"1663","OTU1482"
"1664","OTU383"
"1665","OTU3191"
"1666","OTU387"
"1667","OTU73"
"1668","OTU1656"
"1669","OTU2067"
"1670","OTU1353"
"1671","OTU34"
"1672","OTU214"
"1673","OTU3665"
"1674","OTU884"
"1675","OTU3355"
"1676","OTU4000"
"1677","OTU3808"
"1678","OTU3803"
"1679","OTU3831"
"1680","OTU2493"
"1681","OTU3646"
"1682","OTU4101"
"1683","OTU4112"
"1684","OTU2582"
"1685","OTU919"
"1686","OTU1026"
"1687","OTU3551"
"1688","OTU1040"
"1689","OTU643"
"1690","OTU803"
"1691","OTU949"
"1692","OTU2814"
"1693","OTU3503"
"1694","OTU992"
"1695","OTU427"
"1696","OTU3727"
"1697","OTU2843"
"1698","OTU2906"
"1699","OTU1265"
"1700","OTU569"
"1701","OTU4095"
"1702","OTU3553"
"1703","OTU509"
"1704","OTU3595"
"1705","OTU172"
"1706","OTU205"
"1707","OTU3499"
"1708","OTU96"
"1709","OTU3567"
"1710","OTU3605"
"1711","OTU12"
"1712","OTU178"
"1713","OTU4084"
"1714","OTU1743"
"1715","OTU3597"
"1716","OTU22"
"1717","OTU3479"
"1718","OTU4168"
"1719","OTU4068"
"1720","OTU138"
"1721","OTU3890"
"1722","OTU4076"
"1723","OTU3524"
"1724","OTU3559"
"1725","OTU4160"
"1726","OTU80"
"1727","OTU4086"
"1728","OTU535"
"1729","OTU2051"
"1730","OTU584"
"1731","OTU3573"
"1732","OTU2572"
"1733","OTU3881"
"1734","OTU2663"
"1735","OTU319"
"1736","OTU3962"
"1737","OTU4087"
"1738","OTU158"
"1739","OTU3603"
"1740","OTU367"
"1741","OTU3682"
"1742","OTU133"
"1743","OTU1867"
"1744","OTU313"
"1745","OTU3799"
"1746","OTU4075"
"1747","OTU532"
"1748","OTU3686"
"1749","OTU3635"
"1750","OTU3535"
"1751","OTU3714"
"1752","OTU3614"
"1753","OTU3680"
"1754","OTU232"
"1755","OTU143"
"1756","OTU971"
"1757","OTU4011"
"1758","OTU869"
"1759","OTU3702"
"1760","OTU903"
"1761","OTU3759"
"1762","OTU767"
"1763","OTU3774"
"1764","OTU2688"
"1765","OTU1083"
"1766","OTU3448"
"1767","OTU2308"
"1768","OTU2274"
"1769","OTU295"
"1770","OTU3522"
"1771","OTU1010"
"1772","OTU1448"
"1773","OTU3974"
"1774","OTU2241"
"1775","OTU2196"
"1776","OTU2443"
"1777","OTU811"
"1778","OTU1226"
"1779","OTU3519"
"1780","OTU678"
"1781","OTU2175"
"1782","OTU2345"
"1783","OTU4134"
"1784","OTU3725"
"1785","OTU684"
"1786","OTU137"
"1787","OTU4085"
"1788","OTU1288"
"1789","OTU2357"
"1790","OTU195"
"1791","OTU3273"
"1792","OTU3596"
"1793","OTU3666"
"1794","OTU816"
"1795","OTU4063"
"1796","OTU3195"
"1797","OTU3550"
"1798","OTU1704"
"1799","OTU1439"
"1800","OTU399"
"1801","OTU775"
"1802","OTU3950"
"1803","OTU3512"
"1804","OTU2842"
"1805","OTU32"
"1806","OTU2512"
"1807","OTU2534"
"1808","OTU3239"
"1809","OTU3485"
"1810","OTU3566"
"1811","OTU3390"
"1812","OTU662"
"1813","OTU1038"
"1814","OTU467"
"1815","OTU3048"
"1816","OTU2286"
"1817","OTU1116"
"1818","OTU1862"
"1819","OTU2506"
"1820","OTU1832"
"1821","OTU1117"
"1822","OTU3723"
"1823","OTU494"
"1824","OTU637"
"1825","OTU2287"
"1826","OTU895"
"1827","OTU17"
"1828","OTU2667"
"1829","OTU473"
"1830","OTU3804"
"1831","OTU1031"
"1832","OTU3698"
"1833","OTU1830"
"1834","OTU3564"
"1835","OTU3602"
"1836","OTU40"
"1837","OTU4088"
"1838","OTU745"
"1839","OTU25"
"1840","OTU2362"
"1841","OTU6"
"1842","OTU3579"
"1843","OTU2371"
"1844","OTU4128"
"1845","OTU1364"
"1846","OTU4153"
"1847","OTU1355"
"1848","OTU395"
"1849","OTU1281"
"1850","OTU1311"
"1851","OTU1248"
"1852","OTU2109"
"1853","OTU3349"
"1854","OTU348"
"1855","OTU369"
"1856","OTU708"
"1857","OTU418"
"1858","OTU2256"
"1859","OTU4131"
"1860","OTU4060"
"1861","OTU562"
"1862","OTU2499"
"1863","OTU3671"
"1864","OTU499"
"1865","OTU674"
"1866","OTU3416"
"1867","OTU3377"
"1868","OTU4126"
"1869","OTU746"
"1870","OTU3764"
"1871","OTU328"
"1872","OTU516"
"1873","OTU944"
"1874","OTU2402"
"1875","OTU4051"
"1876","OTU3794"
"1877","OTU1001"
"1878","OTU2352"
"1879","OTU2262"
"1880","OTU2292"
"1881","OTU3976"
"1882","OTU119"
"1883","OTU519"
"1884","OTU2756"
"1885","OTU150"
"1886","OTU3817"
"1887","OTU160"
"1888","OTU540"
"1889","OTU100"
"1890","OTU3253"
"1891","OTU3452"
"1892","OTU2936"
"1893","OTU2990"
"1894","OTU3370"
"1895","OTU4082"
"1896","OTU176"
"1897","OTU3298"
"1898","OTU1538"
"1899","OTU3643"
"1900","OTU3862"
"1901","OTU3449"
"1902","OTU3530"
"1903","OTU1658"
"1904","OTU1034"
"1905","OTU1973"
"1906","OTU3296"
"1907","OTU2167"
"1908","OTU7"
"1909","OTU1018"
"1910","OTU2468"
"1911","OTU2917"
"1912","OTU2544"
"1913","OTU870"
"1914","OTU2433"
"1915","OTU2277"
"1916","OTU1"
"1917","OTU1928"
"1918","OTU3572"
"1919","OTU2725"
"1920","OTU433"
"1921","OTU4059"
"1922","OTU360"
"1923","OTU4024"
"1924","OTU2420"
"1925","OTU3959"
"1926","OTU3963"
"1927","OTU2229"
"1928","OTU3410"
"1929","OTU911"
"1930","OTU1145"
"1931","OTU2200"
"1932","OTU2856"
"1933","OTU894"
"1934","OTU1891"
"1935","OTU1361"
"1936","OTU1983"
"1937","OTU2147"
"1938","OTU1030"
"1939","OTU1783"
"1940","OTU2139"
"1941","OTU1516"
"1942","OTU248"
"1943","OTU393"
"1944","OTU336"
"1945","OTU3306"
"1946","OTU902"
"1947","OTU3224"
"1948","OTU379"
"1949","OTU3649"
"1950","OTU76"
"1951","OTU3814"
"1952","OTU3633"
"1953","OTU4058"
"1954","OTU3845"
"1955","OTU4092"
"1956","OTU304"
"1957","OTU995"
"1958","OTU1071"
"1959","OTU720"
"1960","OTU924"
"1961","OTU518"
"1962","OTU917"
"1963","OTU42"
"1964","OTU47"
"1965","OTU889"
"1966","OTU2646"
"1967","OTU171"
"1968","OTU16"
"1969","OTU545"
"1970","OTU3958"
"1971","OTU938"
"1972","OTU245"
"1973","OTU3350"
"1974","OTU4090"
"1975","OTU753"
"1976","OTU4163"
"1977","OTU975"
"1978","OTU3045"
"1979","OTU1121"
"1980","OTU1164"
"1981","OTU3213"
"1982","OTU1125"
"1983","OTU1359"
"1984","OTU1305"
"1985","OTU1158"
"1986","OTU3085"
"1987","OTU3208"
"1988","OTU3781"
"1989","OTU4014"
"1990","OTU1432"
"1991","OTU3206"
"1992","OTU1020"
"1993","OTU1555"
"1994","OTU2737"
"1995","OTU1061"
"1996","OTU1412"
"1997","OTU4061"
"1998","OTU1935"
"1999","OTU3798"
"2000","OTU165"
"2001","OTU3151"
"2002","OTU2356"
"2003","OTU546"
"2004","OTU3555"
"2005","OTU1106"
"2006","OTU2419"
"2007","OTU2893"
"2008","OTU3805"
"2009","OTU1129"
"2010","OTU1073"
"2011","OTU3121"
"2012","OTU1032"
"2013","OTU1104"
"2014","OTU2978"
"2015","OTU1075"
"2016","OTU1007"
"2017","OTU1094"
"2018","OTU1138"
"2019","OTU3144"
"2020","OTU1115"
"2021","OTU1175"
"2022","OTU1748"
"2023","OTU3212"
"2024","OTU3177"
"2025","OTU2739"
"2026","OTU2892"
"2027","OTU188"
"2028","OTU751"
"2029","OTU554"
"2030","OTU459"
"2031","OTU536"
"2032","OTU839"
"2033","OTU3903"
"2034","OTU3772"
"2035","OTU3447"
"2036","OTU3746"
"2037","OTU1948"
"2038","OTU3456"
"2039","OTU3327"
"2040","OTU3577"
"2041","OTU3425"
"2042","OTU2207"
"2043","OTU726"
"2044","OTU2556"
"2045","OTU669"
"2046","OTU2830"
"2047","OTU2908"
"2048","OTU3262"
"2049","OTU2569"
"2050","OTU3207"
"2051","OTU2979"
"2052","OTU2940"
"2053","OTU2574"
"2054","OTU2686"
"2055","OTU2943"
"2056","OTU3097"
"2057","OTU3219"
"2058","OTU2955"
"2059","OTU2704"
"2060","OTU2989"
"2061","OTU2714"
"2062","OTU3247"
"2063","OTU3293"
"2064","OTU2636"
"2065","OTU2907"
"2066","OTU3311"
"2067","OTU2904"
"2068","OTU3272"
"2069","OTU2740"
"2070","OTU3341"
"2071","OTU2634"
"2072","OTU2579"
"2073","OTU2672"
"2074","OTU2835"
"2075","OTU2972"
"2076","OTU2632"
"2077","OTU2903"
"2078","OTU3011"
"2079","OTU3339"
"2080","OTU3069"
"2081","OTU3095"
"2082","OTU2961"
"2083","OTU3232"
"2084","OTU2552"
"2085","OTU2668"
"2086","OTU2693"
"2087","OTU3009"
"2088","OTU2662"
"2089","OTU3039"
"2090","OTU3302"
"2091","OTU2430"
"2092","OTU2606"
"2093","OTU3332"
"2094","OTU3090"
"2095","OTU3192"
"2096","OTU2648"
"2097","OTU2882"
"2098","OTU3261"
"2099","OTU2710"
"2100","OTU3106"
"2101","OTU2577"
"2102","OTU2840"
"2103","OTU3325"
"2104","OTU2898"
"2105","OTU2015"
"2106","OTU3748"
"2107","OTU2992"
"2108","OTU429"
"2109","OTU2498"
"2110","OTU1861"
"2111","OTU3358"
"2112","OTU3204"
"2113","OTU3380"
"2114","OTU4140"
"2115","OTU241"
"2116","OTU1369"
"2117","OTU2683"
"2118","OTU3433"
"2119","OTU1703"
"2120","OTU3022"
"2121","OTU3235"
"2122","OTU1321"
"2123","OTU2586"
"2124","OTU2923"
"2125","OTU3285"
"2126","OTU3428"
"2127","OTU2095"
"2128","OTU89"
"2129","OTU3813"
"2130","OTU3252"
"2131","OTU3908"
"2132","OTU600"
"2133","OTU4016"
"2134","OTU314"
"2135","OTU493"
"2136","OTU4154"
"2137","OTU3601"
"2138","OTU3786"
"2139","OTU1602"
"2140","OTU2854"
"2141","OTU2090"
"2142","OTU2639"
"2143","OTU3268"
"2144","OTU2530"
"2145","OTU1218"
"2146","OTU1984"
"2147","OTU1681"
"2148","OTU1666"
"2149","OTU2412"
"2150","OTU1122"
"2151","OTU2529"
"2152","OTU2946"
"2153","OTU1574"
"2154","OTU2210"
"2155","OTU1579"
"2156","OTU4056"
"2157","OTU3429"
"2158","OTU208"
"2159","OTU261"
"2160","OTU465"
"2161","OTU3117"
"2162","OTU1072"
"2163","OTU227"
"2164","OTU1960"
"2165","OTU3184"
"2166","OTU1458"
"2167","OTU1280"
"2168","OTU1182"
"2169","OTU2519"
"2170","OTU2547"
"2171","OTU2985"
"2172","OTU8"
"2173","OTU2565"
"2174","OTU2608"
"2175","OTU719"
"2176","OTU3822"
"2177","OTU2767"
"2178","OTU374"
"2179","OTU3787"
"2180","OTU951"
"2181","OTU400"
"2182","OTU611"
"2183","OTU2881"
"2184","OTU3766"
"2185","OTU700"
"2186","OTU3418"
"2187","OTU4138"
"2188","OTU801"
"2189","OTU2037"
"2190","OTU3925"
"2191","OTU3638"
"2192","OTU3738"
"2193","OTU3771"
"2194","OTU85"
"2195","OTU4079"
"2196","OTU221"
"2197","OTU3695"
"2198","OTU3700"
"2199","OTU3432"
"2200","OTU495"
"2201","OTU539"
"2202","OTU3907"
"2203","OTU3533"
"2204","OTU4150"
"2205","OTU3231"
"2206","OTU3545"
"2207","OTU4118"
"2208","OTU4057"
"2209","OTU477"
"2210","OTU614"
"2211","OTU461"
"2212","OTU688"
"2213","OTU1191"
"2214","OTU3496"
"2215","OTU1166"
"2216","OTU2588"
"2217","OTU83"
"2218","OTU580"
"2219","OTU2664"
"2220","OTU1141"
"2221","OTU1588"
"2222","OTU1197"
"2223","OTU3507"
"2224","OTU3688"
"2225","OTU1289"
"2226","OTU3966"
"2227","OTU3858"
"2228","OTU4047"
"2229","OTU3581"
"2230","OTU386"
"2231","OTU2373"
"2232","OTU561"
"2233","OTU1009"
"2234","OTU1173"
"2235","OTU2983"
"2236","OTU108"
"2237","OTU1221"
"2238","OTU1895"
"2239","OTU3222"
"2240","OTU2149"
"2241","OTU1296"
"2242","OTU2487"
"2243","OTU128"
"2244","OTU3283"
"2245","OTU3859"
"2246","OTU4049"
"2247","OTU1347"
"2248","OTU2106"
"2249","OTU3458"
"2250","OTU3829"
"2251","OTU2086"
"2252","OTU1092"
"2253","OTU61"
"2254","OTU2255"
"2255","OTU3209"
"2256","OTU3165"
"2257","OTU564"
"2258","OTU1048"
"2259","OTU1752"
"2260","OTU3317"
"2261","OTU2486"
"2262","OTU1969"
"2263","OTU697"
"2264","OTU2453"
"2265","OTU1523"
"2266","OTU1339"
"2267","OTU2145"
"2268","OTU1183"
"2269","OTU1076"
"2270","OTU2164"
"2271","OTU1740"
"2272","OTU2075"
"2273","OTU2964"
"2274","OTU965"
"2275","OTU1927"
"2276","OTU692"
"2277","OTU1772"
"2278","OTU929"
"2279","OTU1215"
"2280","OTU907"
"2281","OTU3588"
"2282","OTU2180"
"2283","OTU905"
"2284","OTU3338"
"2285","OTU2629"
"2286","OTU2628"
"2287","OTU3297"
"2288","OTU627"
"2289","OTU3631"
"2290","OTU3186"
"2291","OTU1126"
"2292","OTU1151"
"2293","OTU72"
"2294","OTU1304"
"2295","OTU1734"
"2296","OTU1443"
"2297","OTU3591"
"2298","OTU2369"
"2299","OTU2415"
"2300","OTU324"
"2301","OTU2911"
"2302","OTU3716"
"2303","OTU2343"
"2304","OTU4104"
"2305","OTU1576"
"2306","OTU1810"
"2307","OTU1343"
"2308","OTU2445"
"2309","OTU1529"
"2310","OTU578"
"2311","OTU1410"
"2312","OTU1840"
"2313","OTU714"
"2314","OTU2542"
"2315","OTU2221"
"2316","OTU1528"
"2317","OTU1100"
"2318","OTU677"
"2319","OTU1203"
"2320","OTU2811"
"2321","OTU1149"
"2322","OTU1724"
"2323","OTU3532"
"2324","OTU2894"
"2325","OTU3653"
"2326","OTU4046"
"2327","OTU2568"
"2328","OTU612"
"2329","OTU2263"
"2330","OTU571"
"2331","OTU1809"
"2332","OTU298"
"2333","OTU3113"
"2334","OTU3122"
"2335","OTU3729"
"2336","OTU2431"
"2337","OTU3608"
"2338","OTU2092"
"2339","OTU1332"
"2340","OTU4136"
"2341","OTU2301"
"2342","OTU664"
"2343","OTU3629"
"2344","OTU596"
"2345","OTU3548"
"2346","OTU3017"
"2347","OTU4030"
"2348","OTU3926"
"2349","OTU2306"
"2350","OTU2618"
"2351","OTU887"
"2352","OTU1598"
"2353","OTU2861"
"2354","OTU2228"
"2355","OTU615"
"2356","OTU2034"
"2357","OTU3150"
"2358","OTU2407"
"2359","OTU2285"
"2360","OTU3078"
"2361","OTU3269"
"2362","OTU2398"
"2363","OTU2452"
"2364","OTU1172"
"2365","OTU327"
"2366","OTU2962"
"2367","OTU2120"
"2368","OTU1188"
"2369","OTU1452"
"2370","OTU2395"
"2371","OTU2324"
"2372","OTU2354"
"2373","OTU1530"
"2374","OTU2302"
"2375","OTU952"
"2376","OTU3476"
"2377","OTU3381"
"2378","OTU2432"
"2379","OTU3705"
"2380","OTU3561"
"2381","OTU3474"
"2382","OTU3001"
"2383","OTU3711"
"2384","OTU1112"
"2385","OTU1643"
"2386","OTU1413"
"2387","OTU730"
"2388","OTU635"
"2389","OTU2312"
"2390","OTU2435"
"2391","OTU879"
"2392","OTU3650"
"2393","OTU729"
"2394","OTU1878"
"2395","OTU3549"
"2396","OTU1318"
"2397","OTU2610"
"2398","OTU3086"
"2399","OTU456"
"2400","OTU2361"
"2401","OTU663"
"2402","OTU2291"
"2403","OTU1398"
"2404","OTU3875"
"2405","OTU1399"
"2406","OTU2202"
"2407","OTU2584"
"2408","OTU2864"
"2409","OTU4117"
"2410","OTU522"
"2411","OTU2331"
"2412","OTU2548"
"2413","OTU1143"
"2414","OTU2138"
"2415","OTU1367"
"2416","OTU242"
"2417","OTU260"
"2418","OTU3691"
"2419","OTU3142"
"2420","OTU1366"
"2421","OTU3052"
"2422","OTU3838"
"2423","OTU2148"
"2424","OTU2613"
"2425","OTU3594"
"2426","OTU1575"
"2427","OTU1638"
"2428","OTU1765"
"2429","OTU1377"
"2430","OTU2304"
"2431","OTU1319"
"2432","OTU1700"
"2433","OTU1822"
"2434","OTU2224"
"2435","OTU1107"
"2436","OTU2171"
"2437","OTU1424"
"2438","OTU1659"
"2439","OTU1387"
"2440","OTU257"
"2441","OTU2866"
"2442","OTU710"
"2443","OTU2248"
"2444","OTU2401"
"2445","OTU1335"
"2446","OTU1662"
"2447","OTU1709"
"2448","OTU4055"
"2449","OTU1189"
"2450","OTU1371"
"2451","OTU1919"
"2452","OTU1676"
"2453","OTU1701"
"2454","OTU743"
"2455","OTU3043"
"2456","OTU381"
"2457","OTU2231"
"2458","OTU1616"
"2459","OTU396"
"2460","OTU3498"
"2461","OTU3708"
"2462","OTU3490"
"2463","OTU3575"
"2464","OTU3323"
"2465","OTU626"
"2466","OTU1460"
"2467","OTU1170"
"2468","OTU1646"
"2469","OTU696"
"2470","OTU1946"
"2471","OTU2350"
"2472","OTU3703"
"2473","OTU306"
"2474","OTU88"
"2475","OTU2549"
"2476","OTU1134"
"2477","OTU1275"
"2478","OTU2997"
"2479","OTU2266"
"2480","OTU814"
"2481","OTU3441"
"2482","OTU3028"
"2483","OTU3102"
"2484","OTU2269"
"2485","OTU3991"
"2486","OTU2867"
"2487","OTU2353"
"2488","OTU3924"
"2489","OTU3083"
"2490","OTU4028"
"2491","OTU3848"
"2492","OTU768"
"2493","OTU3626"
"2494","OTU3760"
"2495","OTU3809"
"2496","OTU3689"
"2497","OTU837"
"2498","OTU3915"
"2499","OTU607"
"2500","OTU3967"
"2501","OTU3137"
"2502","OTU3053"
"2503","OTU4010"
"2504","OTU4031"
"2505","OTU741"
"2506","OTU511"
"2507","OTU916"
"2508","OTU1069"
"2509","OTU1779"
"2510","OTU36"
"2511","OTU825"
"2512","OTU228"
"2513","OTU598"
"2514","OTU660"
"2515","OTU3486"
"2516","OTU2770"
"2517","OTU2322"
"2518","OTU781"
"2519","OTU792"
"2520","OTU659"
"2521","OTU167"
"2522","OTU1120"
"2523","OTU1148"
"2524","OTU2581"
"2525","OTU2822"
"2526","OTU1645"
"2527","OTU1731"
"2528","OTU1811"
"2529","OTU246"
"2530","OTU15"
"2531","OTU3783"
"2532","OTU3202"
"2533","OTU681"
"2534","OTU788"
"2535","OTU3797"
"2536","OTU3360"
"2537","OTU698"
"2538","OTU363"
"2539","OTU510"
"2540","OTU946"
"2541","OTU20"
"2542","OTU1395"
"2543","OTU820"
"2544","OTU168"
"2545","OTU2380"
"2546","OTU346"
"2547","OTU4099"
"2548","OTU164"
"2549","OTU4139"
"2550","OTU514"
"2551","OTU1295"
"2552","OTU3965"
"2553","OTU523"
"2554","OTU4105"
"2555","OTU3916"
"2556","OTU92"
"2557","OTU3164"
"2558","OTU558"
"2559","OTU1995"
"2560","OTU3356"
"2561","OTU2857"
"2562","OTU3168"
"2563","OTU3237"
"2564","OTU2193"
"2565","OTU2966"
"2566","OTU3167"
"2567","OTU2968"
"2568","OTU2416"
"2569","OTU2392"
"2570","OTU3087"
"2571","OTU2781"
"2572","OTU2868"
"2573","OTU2865"
"2574","OTU84"
"2575","OTU24"
"2576","OTU412"
"2577","OTU3536"
"2578","OTU1316"
"2579","OTU2741"
"2580","OTU963"
"2581","OTU258"
"2582","OTU3825"
"2583","OTU420"
"2584","OTU948"
"2585","OTU3453"
"2586","OTU3446"
"2587","OTU323"
"2588","OTU3780"
"2589","OTU361"
"2590","OTU3987"
"2591","OTU3523"
"2592","OTU977"
"2593","OTU263"
"2594","OTU3509"
"2595","OTU2464"
"2596","OTU987"
"2597","OTU1543"
"2598","OTU2426"
"2599","OTU91"
"2600","OTU3037"
"2601","OTU2890"
"2602","OTU3093"
"2603","OTU3696"
"2604","OTU3897"
"2605","OTU3391"
"2606","OTU593"
"2607","OTU4029"
"2608","OTU843"
"2609","OTU609"
"2610","OTU3382"
"2611","OTU3401"
"2612","OTU2804"
"2613","OTU3248"
"2614","OTU2434"
"2615","OTU665"
"2616","OTU559"
"2617","OTU787"
"2618","OTU3659"
"2619","OTU4009"
"2620","OTU3960"
"2621","OTU517"
"2622","OTU808"
"2623","OTU850"
"2624","OTU2601"
"2625","OTU3353"
"2626","OTU658"
"2627","OTU2545"
"2628","OTU2370"
"2629","OTU2421"
"2630","OTU1942"
"2631","OTU2684"
"2632","OTU2772"
"2633","OTU3599"
"2634","OTU2351"
"2635","OTU2665"
"2636","OTU212"
"2637","OTU737"
"2638","OTU1155"
"2639","OTU2914"
"2640","OTU1027"
"2641","OTU1077"
"2642","OTU999"
"2643","OTU1097"
"2644","OTU1109"
"2645","OTU1111"
"2646","OTU1153"
"2647","OTU1088"
"2648","OTU1082"
"2649","OTU1017"
"2650","OTU1501"
"2651","OTU51"
"2652","OTU625"
"2653","OTU3833"
"2654","OTU274"
"2655","OTU3611"
"2656","OTU239"
"2657","OTU732"
"2658","OTU777"
"2659","OTU3673"
"2660","OTU529"
"2661","OTU934"
"2662","OTU2782"
"2663","OTU476"
"2664","OTU122"
"2665","OTU113"
"2666","OTU4008"
"2667","OTU2958"
"2668","OTU125"
"2669","OTU3753"
"2670","OTU2679"
"2671","OTU3422"
"2672","OTU3275"
"2673","OTU3461"
"2674","OTU3701"
"2675","OTU2237"
"2676","OTU3526"
"2677","OTU78"
"2678","OTU521"
"2679","OTU3699"
"2680","OTU2236"
"2681","OTU482"
"2682","OTU821"
"2683","OTU193"
"2684","OTU858"
"2685","OTU3912"
"2686","OTU3933"
"2687","OTU862"
"2688","OTU2699"
"2689","OTU3399"
"2690","OTU174"
"2691","OTU1047"
"2692","OTU3940"
"2693","OTU2594"
"2694","OTU3802"
"2695","OTU3435"
"2696","OTU4132"
"2697","OTU3647"
"2698","OTU2578"
"2699","OTU3398"
"2700","OTU148"
"2701","OTU3386"
"2702","OTU3931"
"2703","OTU311"
"2704","OTU4053"
"2705","OTU3758"
"2706","OTU672"
"2707","OTU1950"
"2708","OTU3337"
"2709","OTU2605"
"2710","OTU685"
"2711","OTU2938"
"2712","OTU206"
"2713","OTU198"
"2714","OTU4097"
"2715","OTU3980"
"2716","OTU60"
"2717","OTU4037"
"2718","OTU57"
"2719","OTU23"
"2720","OTU687"
"2721","OTU981"
"2722","OTU597"
"2723","OTU1345"
"2724","OTU3156"
"2725","OTU3948"
"2726","OTU2293"
"2727","OTU192"
"2728","OTU2492"
"2729","OTU1812"
"2730","OTU4157"
"2731","OTU3863"
"2732","OTU713"
"2733","OTU445"
"2734","OTU537"
"2735","OTU638"
"2736","OTU871"
"2737","OTU1384"
"2738","OTU1714"
"2739","OTU1532"
"2740","OTU1463"
"2741","OTU2084"
"2742","OTU1000"
"2743","OTU3130"
"2744","OTU716"
"2745","OTU2479"
"2746","OTU2598"
"2747","OTU2071"
"2748","OTU247"
"2749","OTU1617"
"2750","OTU542"
"2751","OTU954"
"2752","OTU3415"
"2753","OTU414"
"2754","OTU3715"
"2755","OTU2776"
"2756","OTU1786"
"2757","OTU1376"
"2758","OTU3375"
"2759","OTU3891"
"2760","OTU3405"
"2761","OTU617"
"2762","OTU770"
"2763","OTU1738"
"2764","OTU1673"
"2765","OTU48"
"2766","OTU2172"
"2767","OTU384"
"2768","OTU4052"
"2769","OTU3412"
"2770","OTU2212"
"2771","OTU282"
"2772","OTU3918"
"2773","OTU2803"
"2774","OTU3376"
"2775","OTU1653"
"2776","OTU2720"
"2777","OTU2817"
"2778","OTU1936"
"2779","OTU966"
"2780","OTU18"
"2781","OTU2409"
"2782","OTU623"
"2783","OTU3172"
"2784","OTU303"
"2785","OTU3482"
"2786","OTU1052"
"2787","OTU899"
"2788","OTU3894"
"2789","OTU3508"
"2790","OTU3640"
"2791","OTU1648"
"2792","OTU1552"
"2793","OTU269"
"2794","OTU786"
"2795","OTU2233"
"2796","OTU2913"
"2797","OTU3497"
"2798","OTU484"
"2799","OTU1060"
"2800","OTU1787"
"2801","OTU2661"
"2802","OTU3769"
"2803","OTU4072"
"2804","OTU434"
"2805","OTU283"
"2806","OTU182"
"2807","OTU1256"
"2808","OTU3791"
"2809","OTU3936"
"2810","OTU124"
"2811","OTU3713"
"2812","OTU177"
"2813","OTU287"
"2814","OTU3565"
"2815","OTU233"
"2816","OTU3685"
"2817","OTU582"
"2818","OTU883"
"2819","OTU3510"
"2820","OTU3518"
"2821","OTU3580"
"2822","OTU2516"
"2823","OTU1247"
"2824","OTU2057"
"2825","OTU2858"
"2826","OTU2874"
"2827","OTU1193"
"2828","OTU1101"
"2829","OTU1103"
"2830","OTU3082"
"2831","OTU1362"
"2832","OTU901"
"2833","OTU2793"
"2834","OTU3233"
"2835","OTU1184"
"2836","OTU3238"
"2837","OTU3018"
"2838","OTU4015"
"2839","OTU2197"
"2840","OTU1577"
"2841","OTU1400"
"2842","OTU3050"
"2843","OTU2700"
"2844","OTU4106"
"2845","OTU2792"
"2846","OTU3188"
"2847","OTU163"
"2848","OTU3330"
"2849","OTU49"
"2850","OTU2157"
"2851","OTU3343"
"2852","OTU3140"
"2853","OTU1537"
"2854","OTU953"
"2855","OTU2883"
"2856","OTU452"
"2857","OTU3215"
"2858","OTU3851"
"2859","OTU1070"
"2860","OTU2981"
"2861","OTU431"
"2862","OTU2617"
"2863","OTU2775"
"2864","OTU3434"
"2865","OTU3475"
"2866","OTU3784"
"2867","OTU3563"
"2868","OTU3947"
"2869","OTU4149"
"2870","OTU3344"
"2871","OTU707"
"2872","OTU3483"
"2873","OTU3457"
"2874","OTU3600"
"2875","OTU3451"
"2876","OTU1932"
"2877","OTU4123"
"2878","OTU3397"
"2879","OTU4018"
"2880","OTU3853"
"2881","OTU3917"
"2882","OTU4042"
"2883","OTU2844"
"2884","OTU4130"
"2885","OTU3992"
"2886","OTU127"
"2887","OTU4109"
"2888","OTU3709"
"2889","OTU4108"
"2890","OTU4019"
"2891","OTU810"
"2892","OTU45"
"2893","OTU252"
"2894","OTU2959"
"2895","OTU1536"
"2896","OTU1727"
"2897","OTU3228"
"2898","OTU1303"
"2899","OTU2624"
"2900","OTU2895"
"2901","OTU2156"
"2902","OTU983"
"2903","OTU1581"
"2904","OTU1686"
"2905","OTU2778"
"2906","OTU1859"
"2907","OTU1414"
"2908","OTU3175"
"2909","OTU2066"
"2910","OTU1360"
"2911","OTU4066"
"2912","OTU4091"
"2913","OTU110"
"2914","OTU2680"
"2915","OTU3806"
"2916","OTU3801"
"2917","OTU129"
"2918","OTU250"
"2919","OTU3661"
"2920","OTU2580"
"2921","OTU530"
"2922","OTU1059"
"2923","OTU3230"
"2924","OTU3190"
"2925","OTU1348"
"2926","OTU722"
"2927","OTU1580"
"2928","OTU3101"
"2929","OTU403"
"2930","OTU3913"
"2931","OTU1747"
"2932","OTU3491"
"2933","OTU3021"
"2934","OTU2484"
"2935","OTU2427"
"2936","OTU3487"
"2937","OTU3182"
"2938","OTU3290"
"2939","OTU3450"
"2940","OTU890"
"2941","OTU764"
"2942","OTU354"
"2943","OTU2161"
"2944","OTU3710"
"2945","OTU2385"
"2946","OTU3329"
"2947","OTU4133"
"2948","OTU204"
"2949","OTU3038"
"2950","OTU3669"
"2951","OTU2886"
"2952","OTU2537"
"2953","OTU2121"
"2954","OTU590"
"2955","OTU1604"
"2956","OTU1267"
"2957","OTU1626"
"2958","OTU2070"
"2959","OTU2924"
"2960","OTU1682"
"2961","OTU572"
"2962","OTU653"
"2963","OTU2602"
"2964","OTU2347"
"2965","OTU2155"
"2966","OTU2163"
"2967","OTU2281"
"2968","OTU2276"
"2969","OTU2162"
"2970","OTU2523"
"2971","OTU2160"
"2972","OTU2359"
"2973","OTU2190"
"2974","OTU2450"
"2975","OTU2490"
"2976","OTU3516"
"2977","OTU2410"
"2978","OTU1899"
"2979","OTU2062"
"2980","OTU2339"
"2981","OTU1979"
"2982","OTU3585"
"2983","OTU3773"
"2984","OTU3861"
"2985","OTU3013"
"2986","OTU1168"
"2987","OTU1466"
"2988","OTU3278"
"2989","OTU2564"
"2990","OTU3880"
"2991","OTU3557"
"2992","OTU1853"
"2993","OTU1619"
"2994","OTU1336"
"2995","OTU2087"
"2996","OTU1789"
"2997","OTU3242"
"2998","OTU2183"
"2999","OTU3115"
"3000","OTU1746"
"3001","OTU2808"
"3002","OTU1397"
"3003","OTU1711"
"3004","OTU1806"
"3005","OTU2784"
"3006","OTU1258"
"3007","OTU2103"
"3008","OTU2477"
"3009","OTU2921"
"3010","OTU1447"
"3011","OTU1409"
"3012","OTU3185"
"3013","OTU3148"
"3014","OTU1416"
"3015","OTU1055"
"3016","OTU1320"
"3017","OTU3676"
"3018","OTU1096"
"3019","OTU1179"
"3020","OTU2901"
"3021","OTU1086"
"3022","OTU2009"
"3023","OTU2462"
"3024","OTU2996"
"3025","OTU3592"
"3026","OTU4164"
"3027","OTU1993"
"3028","OTU2527"
"3029","OTU186"
"3030","OTU293"
"3031","OTU2337"
"3032","OTU2283"
"3033","OTU4005"
"3034","OTU2690"
"3035","OTU1531"
"3036","OTU3970"
"3037","OTU2428"
"3038","OTU1162"
"3039","OTU2389"
"3040","OTU2242"
"3041","OTU1471"
"3042","OTU439"
"3043","OTU3074"
"3044","OTU2853"
"3045","OTU1236"
"3046","OTU1768"
"3047","OTU2539"
"3048","OTU2585"
"3049","OTU2982"
"3050","OTU1317"
"3051","OTU2933"
"3052","OTU1813"
"3053","OTU388"
"3054","OTU3547"
"3055","OTU362"
"3056","OTU3571"
"3057","OTU2305"
"3058","OTU3810"
"3059","OTU3955"
"3060","OTU3178"
"3061","OTU2829"
"3062","OTU1337"
"3063","OTU974"
"3064","OTU1785"
"3065","OTU3333"
"3066","OTU3369"
"3067","OTU780"
"3068","OTU280"
"3069","OTU2755"
"3070","OTU370"
"3071","OTU2976"
"3072","OTU378"
"3073","OTU969"
"3074","OTU3445"
"3075","OTU2206"
"3076","OTU3660"
"3077","OTU4152"
"3078","OTU3911"
"3079","OTU3470"
"3080","OTU3693"
"3081","OTU3558"
"3082","OTU3500"
"3083","OTU368"
"3084","OTU830"
"3085","OTU1056"
"3086","OTU1744"
"3087","OTU2705"
"3088","OTU1326"
"3089","OTU1331"
"3090","OTU3639"
"3091","OTU3517"
"3092","OTU428"
"3093","OTU3315"
"3094","OTU2060"
"3095","OTU3843"
"3096","OTU3378"
"3097","OTU3225"
"3098","OTU101"
"3099","OTU3279"
"3100","OTU2422"
"3101","OTU3032"
"3102","OTU1933"
"3103","OTU2059"
"3104","OTU2783"
"3105","OTU316"
"3106","OTU310"
"3107","OTU3852"
"3108","OTU4159"
"3109","OTU291"
"3110","OTU2449"
"3111","OTU1430"
"3112","OTU3537"
"3113","OTU211"
"3114","OTU528"
"3115","OTU2340"
"3116","OTU1254"
"3117","OTU2195"
"3118","OTU2463"
"3119","OTU1264"
"3120","OTU194"
"3121","OTU922"
"3122","OTU3641"
"3123","OTU4071"
"3124","OTU4048"
"3125","OTU3674"
"3126","OTU2521"
"3127","OTU1255"
"3128","OTU3245"
"3129","OTU207"
"3130","OTU82"
"3131","OTU1198"
"3132","OTU375"
"3133","OTU1485"
"3134","OTU3205"
"3135","OTU4142"
"3136","OTU1328"
"3137","OTU1242"
"3138","OTU3424"
"3139","OTU3505"
"3140","OTU3015"
"3141","OTU649"
"3142","OTU4036"
"3143","OTU102"
"3144","OTU151"
"3145","OTU3865"
"3146","OTU3749"
"3147","OTU985"
"3148","OTU3464"
"3149","OTU4003"
"3150","OTU50"
"3151","OTU126"
"3152","OTU4035"
"3153","OTU2031"
"3154","OTU1996"
"3155","OTU939"
"3156","OTU2446"
"3157","OTU1272"
"3158","OTU2787"
"3159","OTU2282"
"3160","OTU3761"
"3161","OTU1689"
"3162","OTU2769"
"3163","OTU3259"
"3164","OTU1132"
"3165","OTU44"
"3166","OTU581"
"3167","OTU1268"
"3168","OTU2745"
"3169","OTU3921"
"3170","OTU3003"
"3171","OTU1903"
"3172","OTU3855"
"3173","OTU3236"
"3174","OTU676"
"3175","OTU1342"
"3176","OTU3478"
"3177","OTU3652"
"3178","OTU1008"
"3179","OTU1014"
"3180","OTU2411"
"3181","OTU3928"
"3182","OTU671"
"3183","OTU458"
"3184","OTU1639"
"3185","OTU4137"
"3186","OTU4121"
"3187","OTU497"
"3188","OTU4155"
"3189","OTU180"
"3190","OTU500"
"3191","OTU1868"
"3192","OTU842"
"3193","OTU1089"
"3194","OTU1977"
"3195","OTU2118"
"3196","OTU271"
"3197","OTU2114"
"3198","OTU253"
"3199","OTU278"
"3200","OTU1898"
"3201","OTU3107"
"3202","OTU3747"
"3203","OTU2722"
"3204","OTU2698"
"3205","OTU2806"
"3206","OTU3023"
"3207","OTU3406"
"3208","OTU1217"
"3209","OTU512"
"3210","OTU1002"
"3211","OTU153"
"3212","OTU1945"
"3213","OTU2235"
"3214","OTU3539"
"3215","OTU1042"
"3216","OTU2513"
"3217","OTU372"
"3218","OTU570"
"3219","OTU1156"
"3220","OTU2576"
"3221","OTU1004"
"3222","OTU640"
"3223","OTU3607"
"3224","OTU3664"
"3225","OTU2246"
"3226","OTU3932"
"3227","OTU589"
"3228","OTU3484"
"3229","OTU3679"
"3230","OTU2687"
"3231","OTU2802"
"3232","OTU1044"
"3233","OTU2754"
"3234","OTU1564"
"3235","OTU3440"
"3236","OTU240"
"3237","OTU462"
"3238","OTU1974"
"3239","OTU2264"
"3240","OTU3322"
"3241","OTU3124"
"3242","OTU898"
"3243","OTU3471"
"3244","OTU1720"
"3245","OTU2931"
"3246","OTU892"
"3247","OTU1467"
"3248","OTU3437"
"3249","OTU2303"
"3250","OTU3902"
"3251","OTU107"
"3252","OTU2299"
"3253","OTU86"
"3254","OTU2615"
"3255","OTU3678"
"3256","OTU3830"
"3257","OTU2899"
"3258","OTU3593"
"3259","OTU1762"
"3260","OTU3506"
"3261","OTU3055"
"3262","OTU109"
"3263","OTU460"
"3264","OTU210"
"3265","OTU841"
"3266","OTU861"
"3267","OTU1216"
"3268","OTU1934"
"3269","OTU3427"
"3270","OTU1943"
"3271","OTU1947"
"3272","OTU413"
"3273","OTU829"
"3274","OTU849"
"3275","OTU3371"
"3276","OTU835"
"3277","OTU1939"
"3278","OTU1297"
"3279","OTU1238"
"3280","OTU565"
"3281","OTU1210"
"3282","OTU3385"
"3283","OTU1937"
"3284","OTU1300"
"3285","OTU1245"
"3286","OTU1287"
"3287","OTU847"
"3288","OTU711"
"3289","OTU1309"
"3290","OTU1341"
"3291","OTU1284"
"3292","OTU1273"
"3293","OTU441"
"3294","OTU3402"
"3295","OTU1306"
"3296","OTU844"
"3297","OTU1924"
"3298","OTU1944"
"3299","OTU426"
"3300","OTU1214"
"3301","OTU3400"
"3302","OTU1931"
"3303","OTU1244"
"3304","OTU851"
"3305","OTU3383"
"3306","OTU2400"
"3307","OTU315"
"3308","OTU504"
"3309","OTU2960"
"3310","OTU2918"
"3311","OTU3515"
"3312","OTU3407"
"3313","OTU2837"
"3314","OTU630"
"3315","OTU1938"
"3316","OTU1396"
"3317","OTU468"
"3318","OTU618"
"3319","OTU838"
"3320","OTU3180"
"3321","OTU505"
"3322","OTU4161"
"3323","OTU3379"
"3324","OTU927"
"3325","OTU294"
"3326","OTU203"
"3327","OTU156"
"3328","OTU3824"
"3329","OTU3847"
"3330","OTU235"
"3331","OTU910"
"3332","OTU3972"
"3333","OTU682"
"3334","OTU3789"
"3335","OTU1688"
"3336","OTU3767"
"3337","OTU1327"
"3338","OTU555"
"3339","OTU290"
"3340","OTU196"
"3341","OTU305"
"3342","OTU301"
"3343","OTU761"
"3344","OTU33"
"3345","OTU3779"
"3346","OTU897"
"3347","OTU906"
"3348","OTU1263"
"3349","OTU3683"
"3350","OTU4162"
"3351","OTU680"
"3352","OTU451"
"3353","OTU865"
"3354","OTU3079"
"3355","OTU3347"
"3356","OTU1940"
"3357","OTU766"
"3358","OTU3210"
"3359","OTU112"
"3360","OTU3"
"3361","OTU1755"
"3362","OTU1483"
"3363","OTU2019"
"3364","OTU3134"
"3365","OTU132"
"3366","OTU1157"
"3367","OTU2649"
"3368","OTU1717"
"3369","OTU1892"
"3370","OTU1791"
"3371","OTU1506"
"3372","OTU2083"
"3373","OTU1921"
"3374","OTU1911"
"3375","OTU2706"
"3376","OTU29"
"3377","OTU1325"
"3378","OTU2948"
"3379","OTU1250"
"3380","OTU1392"
"3381","OTU1194"
"3382","OTU3692"
"3383","OTU3768"
"3384","OTU2182"
"3385","OTU3935"
"3386","OTU2846"
"3387","OTU3145"
"3388","OTU1315"
"3389","OTU1792"
"3390","OTU2074"
"3391","OTU1546"
"3392","OTU2458"
"3393","OTU2091"
"3394","OTU885"
"3395","OTU2260"
"3396","OTU759"
"3397","OTU1852"
"3398","OTU2991"
"3399","OTU3540"
"3400","OTU1627"
"3401","OTU2797"
"3402","OTU1003"
"3403","OTU2429"
"3404","OTU3320"
"3405","OTU2825"
"3406","OTU11"
"3407","OTU300"
"3408","OTU1142"
"3409","OTU2851"
"3410","OTU2007"
"3411","OTU2082"
"3412","OTU2028"
"3413","OTU2023"
"3414","OTU2937"
"3415","OTU3712"
"3416","OTU3292"
"3417","OTU2187"
"3418","OTU2417"
"3419","OTU2284"
"3420","OTU2280"
"3421","OTU3922"
"3422","OTU2625"
"3423","OTU3324"
"3424","OTU2184"
"3425","OTU2038"
"3426","OTU2217"
"3427","OTU1446"
"3428","OTU2456"
"3429","OTU3527"
"3430","OTU972"
"3431","OTU146"
"3432","OTU655"
"3433","OTU2546"
"3434","OTU2947"
"3435","OTU937"
"3436","OTU2652"
"3437","OTU3362"
"3438","OTU3042"
"3439","OTU2905"
"3440","OTU3271"
"3441","OTU3226"
"3442","OTU3031"
"3443","OTU2815"
"3444","OTU3266"
"3445","OTU3064"
"3446","OTU3029"
"3447","OTU513"
"3448","OTU3143"
"3449","OTU1770"
"3450","OTU2288"
"3451","OTU553"
"3452","OTU1669"
"3453","OTU1640"
"3454","OTU2005"
"3455","OTU1657"
"3456","OTU2024"
"3457","OTU1875"
"3458","OTU2607"
"3459","OTU1981"
"3460","OTU1693"
"3461","OTU3812"
"3462","OTU3054"
"3463","OTU1140"
"3464","OTU1663"
"3465","OTU1589"
"3466","OTU2945"
"3467","OTU1851"
"3468","OTU1229"
"3469","OTU455"
"3470","OTU3396"
"3471","OTU1784"
"3472","OTU236"
"3473","OTU224"
"3474","OTU1912"
"3475","OTU3300"
"3476","OTU1449"
"3477","OTU3757"
"3478","OTU3730"
"3479","OTU3417"
"3480","OTU3525"
"3481","OTU3827"
"3482","OTU38"
"3483","OTU3910"
"3484","OTU43"
"3485","OTU3923"
"3486","OTU4070"
"3487","OTU3816"
"3488","OTU3793"
"3489","OTU1729"
"3490","OTU1962"
"3491","OTU234"
"3492","OTU1583"
"3493","OTU3745"
"3494","OTU2122"
"3495","OTU1968"
"3496","OTU1444"
"3497","OTU394"
"3498","OTU35"
"3499","OTU10"
"3500","OTU1423"
"3501","OTU2152"
"3502","OTU2660"
"3503","OTU3066"
"3504","OTU900"
"3505","OTU2596"
"3506","OTU2674"
"3507","OTU2657"
"3508","OTU754"
"3509","OTU2423"
"3510","OTU2505"
"3511","OTU2558"
"3512","OTU2188"
"3513","OTU2876"
"3514","OTU1913"
"3515","OTU3562"
"3516","OTU3763"
"3517","OTU183"
"3518","OTU2471"
"3519","OTU3367"
"3520","OTU1865"
"3521","OTU1539"
"3522","OTU145"
"3523","OTU218"
"3524","OTU475"
"3525","OTU46"
"3526","OTU120"
"3527","OTU2744"
"3528","OTU1165"
"3529","OTU3604"
"3530","OTU1846"
"3531","OTU1349"
"3532","OTU2692"
"3533","OTU335"
"3534","OTU3870"
"3535","OTU2763"
"3536","OTU3076"
"3537","OTU254"
"3538","OTU2922"
"3539","OTU3133"
"3540","OTU2129"
"3541","OTU1005"
"3542","OTU712"
"3543","OTU1023"
"3544","OTU1013"
"3545","OTU498"
"3546","OTU1015"
"3547","OTU2189"
"3548","OTU2850"
"3549","OTU863"
"3550","OTU4110"
"3551","OTU2509"
"3552","OTU1642"
"3553","OTU376"
"3554","OTU3930"
"3555","OTU644"
"3556","OTU2254"
"3557","OTU2998"
"3558","OTU190"
"3559","OTU27"
"3560","OTU3504"
"3561","OTU111"
"3562","OTU256"
"3563","OTU3183"
"3564","OTU2742"
"3565","OTU3655"
"3566","OTU3790"
"3567","OTU4146"
"3568","OTU3552"
"3569","OTU1039"
"3570","OTU891"
"3571","OTU87"
"3572","OTU3736"
"3573","OTU3800"
"3574","OTU4165"
"3575","OTU284"
"3576","OTU3200"
"3577","OTU140"
"3578","OTU3443"
"3579","OTU3431"
"3580","OTU3270"
"3581","OTU2472"
"3582","OTU2533"
"3583","OTU3636"
"3584","OTU4167"
"3585","OTU2897"
"3586","OTU142"
"3587","OTU63"
"3588","OTU3560"
"3589","OTU3163"
"3590","OTU1881"
"3591","OTU1725"
"3592","OTU2113"
"3593","OTU19"
"3594","OTU2134"
"3595","OTU3426"
"3596","OTU1346"
"3597","OTU1963"
"3598","OTU2136"
"3599","OTU1441"
"3600","OTU479"
"3601","OTU1181"
"3602","OTU1522"
"3603","OTU2111"
"3604","OTU1843"
"3605","OTU2538"
"3606","OTU1561"
"3607","OTU1572"
"3608","OTU1833"
"3609","OTU2638"
"3610","OTU1795"
"3611","OTU3777"
"3612","OTU2957"
"3613","OTU3126"
"3614","OTU2437"
"3615","OTU1660"
"3616","OTU2013"
"3617","OTU2812"
"3618","OTU3193"
"3619","OTU3220"
"3620","OTU3354"
"3621","OTU1803"
"3622","OTU1169"
"3623","OTU1569"
"3624","OTU1590"
"3625","OTU3609"
"3626","OTU3697"
"3627","OTU1293"
"3628","OTU874"
"3629","OTU1497"
"3630","OTU1845"
"3631","OTU1864"
"3632","OTU2185"
"3633","OTU3968"
"3634","OTU144"
"3635","OTU3196"
"3636","OTU3221"
"3637","OTU2116"
"3638","OTU2562"
"3639","OTU2396"
"3640","OTU1334"
"3641","OTU1227"
"3642","OTU1240"
"3643","OTU1526"
"3644","OTU2141"
"3645","OTU928"
"3646","OTU3346"
"3647","OTU1219"
"3648","OTU2491"
"3649","OTU3051"
"3650","OTU1872"
"3651","OTU3100"
"3652","OTU1629"
"3653","OTU1735"
"3654","OTU3139"
"3655","OTU2142"
"3656","OTU3040"
"3657","OTU3108"
"3658","OTU3060"
"3659","OTU1636"
"3660","OTU3879"
"3661","OTU3542"
"3662","OTU1330"
"3663","OTU3340"
"3664","OTU4069"
"3665","OTU2102"
"3666","OTU2127"
"3667","OTU2953"
"3668","OTU2099"
"3669","OTU1761"
"3670","OTU2508"
"3671","OTU2321"
"3672","OTU2333"
"3673","OTU1241"
"3674","OTU3826"
"3675","OTU3990"
"3676","OTU1741"
"3677","OTU450"
"3678","OTU2022"
"3679","OTU1429"
"3680","OTU3574"
"3681","OTU1637"
"3682","OTU3442"
"3683","OTU3546"
"3684","OTU1225"
"3685","OTU2318"
"3686","OTU979"
"3687","OTU3869"
"3688","OTU4148"
"3689","OTU3687"
"3690","OTU2869"
"3691","OTU988"
"3692","OTU4007"
"3693","OTU2553"
"3694","OTU3147"
"3695","OTU1167"
"3696","OTU121"
"3697","OTU1560"
"3698","OTU2524"
"3699","OTU1465"
"3700","OTU2296"
"3701","OTU1224"
"3702","OTU3280"
"3703","OTU3642"
"3704","OTU3782"
"3705","OTU3104"
"3706","OTU3724"
"3707","OTU432"
"3708","OTU3951"
"3709","OTU3811"
"3710","OTU4115"
"3711","OTU3909"
"3712","OTU4156"
"3713","OTU56"
"3714","OTU3752"
"3715","OTU836"
"3716","OTU4001"
"3717","OTU3198"
"3718","OTU3305"
"3719","OTU2406"
"3720","OTU2941"
"3721","OTU277"
"3722","OTU2986"
"3723","OTU1301"
"3724","OTU1418"
"3725","OTU4062"
"3726","OTU4144"
"3727","OTU4012"
"3728","OTU1502"
"3729","OTU289"
"3730","OTU296"
"3731","OTU2902"
"3732","OTU404"
"3733","OTU1614"
"3734","OTU356"
"3735","OTU1896"
"3736","OTU3466"
"3737","OTU4040"
"3738","OTU3842"
"3739","OTU1379"
"3740","OTU339"
"3741","OTU1829"
"3742","OTU1966"
"3743","OTU1825"
"3744","OTU3310"
"3745","OTU1618"
"3746","OTU1535"
"3747","OTU1661"
"3748","OTU1883"
"3749","OTU415"
"3750","OTU1195"
"3751","OTU2319"
"3752","OTU3582"
"3753","OTU3993"
"3754","OTU2685"
"3755","OTU2502"
"3756","OTU4113"
"3757","OTU3169"
"3758","OTU647"
"3759","OTU2995"
"3760","OTU4141"
"3761","OTU1975"
"3762","OTU3092"
"3763","OTU3154"
"3764","OTU3788"
"3765","OTU2338"
"3766","OTU3606"
"3767","OTU3008"
"3768","OTU3775"
"3769","OTU2536"
"3770","OTU28"
"3771","OTU2325"
"3772","OTU2461"
"3773","OTU481"
"3774","OTU2047"
"3775","OTU1312"
"3776","OTU1473"
"3777","OTU1294"
"3778","OTU3934"
"3779","OTU2379"
"3780","OTU932"
"3781","OTU2543"
"3782","OTU2500"
"3783","OTU3250"
"3784","OTU4074"
"3785","OTU2650"
"3786","OTU1949"
"3787","OTU3072"
"3788","OTU577"
"3789","OTU2375"
"3790","OTU4038"
"3791","OTU3762"
"3792","OTU3986"
"3793","OTU2852"
"3794","OTU409"
"3795","OTU3061"
"3796","OTU2408"
"3797","OTU453"
"3798","OTU490"
"3799","OTU3734"
"3800","OTU1923"
"3801","OTU2934"
"3802","OTU3281"
"3803","OTU1390"
"3804","OTU1697"
"3805","OTU3874"
"3806","OTU2085"
"3807","OTU771"
"3808","OTU3477"
"3809","OTU3823"
"3810","OTU3964"
"3811","OTU506"
"3812","OTU3981"
"3813","OTU629"
"3814","OTU3717"
"3815","OTU947"
"3816","OTU251"
"3817","OTU3776"
"3818","OTU270"
"3819","OTU141"
"3820","OTU343"
"3821","OTU75"
"3822","OTU4006"
"3823","OTU2213"
"3824","OTU1078"
"3825","OTU2475"
"3826","OTU2681"
"3827","OTU2457"
"3828","OTU2249"
"3829","OTU3286"
"3830","OTU3465"
"3831","OTU2678"
"3832","OTU3864"
"3833","OTU606"
"3834","OTU2405"
"3835","OTU2278"
"3836","OTU2447"
"3837","OTU2465"
"3838","OTU2494"
"3839","OTU2480"
"3840","OTU2481"
"3841","OTU2150"
"3842","OTU2330"
"3843","OTU318"
"3844","OTU3556"
"3845","OTU2391"
"3846","OTU2535"
"3847","OTU3849"
"3848","OTU2247"
"3849","OTU2520"
"3850","OTU2222"
"3851","OTU1971"
"3852","OTU2394"
"3853","OTU3837"
"3854","OTU2232"
"3855","OTU222"
"3856","OTU3455"
"3857","OTU216"
"3858","OTU4096"
"3859","OTU2117"
"3860","OTU3624"
"3861","OTU3988"
"3862","OTU2540"
"3863","OTU3372"
"3864","OTU359"
"3865","OTU619"
"3866","OTU1090"
"3867","OTU2950"
"3868","OTU1123"
"3869","OTU2855"
"3870","OTU1880"
"3871","OTU3257"
"3872","OTU3844"
"3873","OTU1329"
"3874","OTU3301"
"3875","OTU1407"
"3876","OTU2072"
"3877","OTU1511"
"3878","OTU2119"
"3879","OTU1634"
"3880","OTU2590"
"3881","OTU2623"
"3882","OTU1154"
"3883","OTU1054"
"3884","OTU1956"
"3885","OTU2054"
"3886","OTU1041"
"3887","OTU1431"
"3888","OTU1455"
"3889","OTU1802"
"3890","OTU1906"
"3891","OTU1285"
"3892","OTU1050"
"3893","OTU2043"
"3894","OTU1209"
"3895","OTU1208"
"3896","OTU3625"
"3897","OTU1110"
"3898","OTU1016"
"3899","OTU2609"
"3900","OTU4116"
"3901","OTU2949"
"3902","OTU1781"
"3903","OTU1849"
"3904","OTU1204"
"3905","OTU3586"
"3906","OTU2168"
"3907","OTU385"
"3908","OTU1299"
"3909","OTU784"
"3910","OTU3179"
"3911","OTU392"
"3912","OTU1667"
"3913","OTU3016"
"3914","OTU828"
"3915","OTU3469"
"3916","OTU819"
"3917","OTU3136"
"3918","OTU2058"
"3919","OTU2346"
"3920","OTU2061"
"3921","OTU2309"
"3922","OTU888"
"3923","OTU1259"
"3924","OTU4158"
"3925","OTU4020"
"3926","OTU1858"
"3927","OTU1131"
"3928","OTU2349"
"3929","OTU2470"
"3930","OTU2515"
"3931","OTU1220"
"3932","OTU1235"
"3933","OTU1266"
"3934","OTU1192"
"3935","OTU1612"
"3936","OTU1053"
"3937","OTU2786"
"3938","OTU1243"
"3939","OTU1702"
"3940","OTU2131"
"3941","OTU533"
"3942","OTU286"
"3943","OTU2647"
"3944","OTU3751"
"3945","OTU130"
"3946","OTU3331"
"3947","OTU1817"
"3948","OTU3971"
"3949","OTU2779"
"3950","OTU292"
"3951","OTU2250"
"3952","OTU2483"
"3953","OTU2595"
"3954","OTU3049"
"3955","OTU3025"
"3956","OTU2311"
"3957","OTU230"
"3958","OTU2081"
"3959","OTU818"
"3960","OTU191"
"3961","OTU2225"
"3962","OTU508"
"3963","OTU3612"
"3964","OTU435"
"3965","OTU448"
"3966","OTU3502"
"3967","OTU3616"
"3968","OTU77"
"3969","OTU2226"
"3970","OTU406"
"3971","OTU639"
"3972","OTU446"
"3973","OTU3994"
"3974","OTU3840"
"3975","OTU3820"
"3976","OTU3619"
"3977","OTU1036"
"3978","OTU980"
"3979","OTU3973"
"3980","OTU1286"
"3981","OTU2135"
"3982","OTU1029"
"3983","OTU2707"
"3984","OTU1102"
"3985","OTU1099"
"3986","OTU3733"
"3987","OTU4122"
"3988","OTU962"
"3989","OTU3742"
"3990","OTU3719"
"3991","OTU2746"
"3992","OTU3628"
"3993","OTU3414"
"3994","OTU3706"
"3995","OTU673"
"3996","OTU3735"
"3997","OTU550"
"3998","OTU422"
"3999","OTU526"
"4000","OTU923"
"4001","OTU913"
"4002","OTU1063"
"4003","OTU3648"
"4004","OTU534"
"4005","OTU573"
"4006","OTU3949"
"4007","OTU1847"
"4008","OTU833"
"4009","OTU1340"
"4010","OTU117"
"4011","OTU2365"
"4012","OTU1119"
"4013","OTU1540"
"4014","OTU2046"
"4015","OTU2112"
"4016","OTU2828"
"4017","OTU3630"
"4018","OTU474"
"4019","OTU1035"
"4020","OTU1177"
"4021","OTU3214"
"4022","OTU3895"
"4023","OTU2832"
"4024","OTU2604"
"4025","OTU2036"
"4026","OTU2514"
"4027","OTU1680"
"4028","OTU1651"
"4029","OTU3047"
"4030","OTU2736"
"4031","OTU1836"
"4032","OTU2025"
"4033","OTU1487"
"4034","OTU1769"
"4035","OTU3000"
"4036","OTU1478"
"4037","OTU2014"
"4038","OTU2326"
"4039","OTU1496"
"4040","OTU4039"
"4041","OTU2799"
"4042","OTU345"
"4043","OTU2328"
"4044","OTU1152"
"4045","OTU1632"
"4046","OTU1450"
"4047","OTU337"
"4048","OTU1025"
"4049","OTU349"
"4050","OTU1857"
"4051","OTU3099"
"4052","OTU2599"
"4053","OTU390"
"4054","OTU1869"
"4055","OTU1780"
"4056","OTU3131"
"4057","OTU1206"
"4058","OTU1350"
"4059","OTU2880"
"4060","OTU1231"
"4061","OTU1774"
"4062","OTU380"
"4063","OTU3336"
"4064","OTU3871"
"4065","OTU1863"
"4066","OTU547"
"4067","OTU1163"
"4068","OTU1820"
"4069","OTU1595"
"4070","OTU3112"
"4071","OTU3256"
"4072","OTU3335"
"4073","OTU3919"
"4074","OTU2069"
"4075","OTU3368"
"4076","OTU1603"
"4077","OTU1144"
"4078","OTU382"
"4079","OTU442"
"4080","OTU1033"
"4081","OTU1058"
"4082","OTU878"
"4083","OTU1046"
"4084","OTU1887"
"4085","OTU1199"
"4086","OTU1601"
"4087","OTU1542"
"4088","OTU1679"
"4089","OTU2645"
"4090","OTU2818"
"4091","OTU2637"
"4092","OTU3942"
"4093","OTU1719"
"4094","OTU1665"
"4095","OTU1742"
"4096","OTU30"
"4097","OTU1573"
"4098","OTU3002"
"4099","OTU3295"
"4100","OTU3141"
"4101","OTU2098"
"4102","OTU1776"
"4103","OTU1488"
"4104","OTU1710"
"4105","OTU3251"
"4106","OTU444"
"4107","OTU2870"
"4108","OTU3012"
"4109","OTU3946"
"4110","OTU2801"
"4111","OTU1358"
"4112","OTU868"
"4113","OTU1313"
"4114","OTU2341"
"4115","OTU1019"
"4116","OTU2460"
"4117","OTU3316"
"4118","OTU1291"
"4119","OTU2932"
"4120","OTU1622"
"4121","OTU2107"
"4122","OTU2378"
"4123","OTU2077"
"4124","OTU3181"
"4125","OTU1024"
"4126","OTU2951"
"4127","OTU332"
"4128","OTU3459"
"4129","OTU945"
"4130","OTU848"
"4131","OTU3744"
"4132","OTU840"
"4133","OTU351"
"4134","OTU3468"
"4135","OTU3463"
"4136","OTU3989"
"4137","OTU3578"
"4138","OTU1174"
"4139","OTU3570"
"4140","OTU1150"
"4141","OTU1249"
"4142","OTU2198"
"4143","OTU1558"
"4144","OTU1733"
"4145","OTU1074"
"4146","OTU2833"
"4147","OTU1411"
"4148","OTU1190"
"4149","OTU3707"
"4150","OTU3444"
"4151","OTU2915"
"4152","OTU1549"
"4153","OTU1547"
"4154","OTU1405"
"4155","OTU1028"
"4156","OTU3569"
"4157","OTU1952"
"4158","OTU2600"
"4159","OTU2612"
"4160","OTU2641"
"4161","OTU1057"
"4162","OTU487"
"4163","OTU1848"
"4164","OTU1462"
"4165","OTU1459"
"4166","OTU1068"
"4167","OTU994"
"4168","OTU1139"
"4169","OTU1290"
